SMILES,LogS
O=C=O,-1.4747921054218602
C(F)(F)(F)Cl,-3.064995010901109
C(C#N)C#N,0.3039802775694268
C(S(=O)(=O)O)(S(=O)(=O)O)(S(=O)(=O)O)Cl,0.5365735542433416
C(S(=O)(=O)O)S(=O)(=O)O,0.7539704167287967
C(C(F)(Cl)Cl)(F)(F)F,-3.096095934691654
C(F)(F)(Cl)Cl,-2.634997126617411
C(C(F)(Cl)Cl)(F)(Cl)Cl,-3.1889982954084353
C(C(F)(F)F)(F)Cl,-1.9589952268163626
C(C(Cl)(Cl)Cl)(F)(F)Cl,-3.3092982954639765
C(S(=O)(=O)O)(S(=O)(=O)O)Cl,0.6764754612457324
CCF,-1.3477009036973926
C([N+](=O)[O-])(Cl)(Cl)Cl,-2.0059986789283664
CC(C)CC#N,-0.8060208967308031
CCOS(=O)(=O)C,0.40197691366038885
C(C(Cl)Cl)(C(Cl)Cl)Cl,-2.722300602267255
CCC(Cl)(Cl)Cl,-1.8898014727727517
CC(C)CO[N+](=O)[O-],-1.9521000001221278
C([N+](=O)[O-])([N+](=O)[O-])([N+](=O)[O-])Br,-1.7704971667716698
CCCCCO[N+](=O)[O-],-2.56800065237116
C(C(Cl)Cl)Cl,-1.4800009766588804
CS(=O)(=O)OCCCCOS(C)(=O)=O,-2.270022922690485
C(F)Cl,-0.833190730876775
CCC(CC)O[N+](=O)[O-],-2.452200652338716
C(C(F)(F)Br)(F)(F)Br,-4.937597325532953
C(C(CCl)(Cl)Cl)Cl,-2.5785009551576397
CC(C)OP(=O)(C)F,0.8535999998772246
C(C(Cl)Cl)(Cl)Cl,-1.754000517472216
CC(C)CCO[N+](=O)[O-],-2.480900652381254
CCOP(=O)(C(Cl)(Cl)Cl)OCC,-1.75410000002767
C(CCl)Cl,-1.065001755431302
CC(C(Cl)Cl)Cl,-1.8898014727727517
CCCOP(=O)(OC)OC,0.47330025834628636
CCOP(=O)(OC)OC,0.5112008454845588
C(C(=O)O)(C(Cl)(Cl)Cl)O,0.36000202087269817
C(OCCl)Cl,-0.7181000000240236
CCCOP(=O)(OCC)OCCC,-0.980201033051736
CCCC[N+](=O)[O-],-1.3510016845906023
CCC[N+](=O)[O-],-0.7740009748045631
COP(=O)(OC)OC,0.5530015502137013
CCCCS(=O)(=O)C(S(=O)(=O)CCCC)S(=O)(=O)CCCC,-2.973824681628363
CCCOP(=O)(OCCC)OCCC,-1.54120135571359
CCCCC[N+](=O)[O-],-1.9550022241876763
CCCCCOP(=O)(OCC)OCC,-1.4757013557327572
IC#N,-0.6333000000348865
CCCOP(=O)(OC)OCCC,-0.6592006641196894
CCCCOP(=O)(OCC)OCC,-1.1466010328985328
C(=O)(C(=O)O)O,0.3880067531197909
CCCOP(=O)(OCC)OCC,0.40629933588192824
CCOP(=O)(OCC)OCC(C)C,-1.1765010328549965
C1(=O)N(C(=O)N(C(=O)N1Cl)Cl)Cl,-1.2870994392271136
COC(=O)C(=O)OC,-0.29189632229887097
CCCCOP(=O)(OC)OCCCC,-1.4995013557467216
CCC(CC)CC,-4.520006934580248
CC(C)CCC(C)C,-4.921006843403991
CCCC(C)(C)CCC,-5.5850067723220285
CCCC(C)(C)CC,-4.998006843584963
CCOC(=O)C(=O)OCC,-0.6084982169231331
C1=CC(=C(C=C1C(=O)O)[N+](=O)[O-])[N+](=O)[O-],-1.5009971336107957
CCC(CC)COC(=O)NS(N)(=O)=O,-1.7487147166903751
C1=CC2=C(C(=C1)S(=O)(=O)O)C(=O)C3=C(C2=O)C(=CC=C3)S(=O)(=O)O,0.25718632288196575
CCCC(C)CCC,-5.132006843349097
CCCC(C)CC(C)C,-5.530006771953862
CCCCC(CC)COC(=O)NS(N)(=O)=O,-2.4020137689759222
CCCCC(C)CC(C)C,-6.103006715819723
CCCC(CC)CC,-5.152006843444698
C1CCC(CC1)Cl,-2.375204027814111
CCCCC(C)(C)CC,-5.630006772441545
CCC(C)CC(C)CC,-5.60000677226324
CCC(C)C(C)CC,-5.155006843254854
CCC(C)CCC(C)C,-5.60000677226324
CCCC(C)(CC)CC,-5.7100067719078655
CCCCCC(C)CCC,-6.322006716573738
CCC(C)(C)CC(C)C,-5.480006772691833
CCC(C)(CC)CC,-5.145006843287882
CCCC(C)C(C)C,-5.082006843634737
CCCCOP(=O)(C)OCCCC,-1.415502294123556
C1=C(C=C(C=C1C(=O)O)[N+](=O)[O-])C(=O)O,-1.9799967088496029
CCCC(CC)CCC,-5.720006772740956
CCCC(CCC)CCC,-6.138006715674092
C1=CC(=C(C=C1[N+](=O)[O-])[N+](=O)[O-])C(=O)O,-1.0669971335366077
CC(C)(C)C(C)(C)C,-4.87000684332671
CCCCCCP(=O)(OCC)OCC,-2.568702540129681
C(#N)C(C(=O)N)(Br)Br,-1.2074999998857523
CC(C(=O)OC)OC(=O)OC,-0.6002973214969737
CCCC(C)CC(C)CC,-6.1840067171957305
CCCCC(CC)CCC,-6.276006712255745
CCC(C)CC(C)(C)C,-5.385006772257481
CCCCCC(C)(C)CC,-6.222006712670748
CCCCC(C)(CC)CC,-6.280006713362399
CCCCOP(=O)(OCCCC)OCCCC,-2.9780021199043567
CCCCCCC(C)(C)C,-6.125006713819731
CCCCCCCCCCCCCCCCCCCCCCCCCC,-8.333906298701509
C(C(Cl)Cl)O,0.15430087072572846
CCCCCCC(C)CC,-6.367006715307227
CC(C)OP(=O)(C)OC(C)C,-0.05200168710332737
CCC(CC)C(C)C,-5.082006843634737
CCC(C)(C)C(C)C,-5.063006843212044
CCCC(C)(C)C(C)C,-5.6400067715226685
CC(C)OC(=O)C1(CCC1)S(=O)(=O)C2=CC=C(C=C2)[N+](=O)[O-],-3.759908756082997
CCCCOP(=O)(CCCC)OCCCC,-2.6995029494859244
CCCC(C)CCC(C)C,-6.162006713271991
CC(C)CC(C)C(C)C,-5.500006772051383
CCC(C)CCCC(C)C,-6.203006714050758
CCCCC(C)C(C)C,-5.7100067719078655
CCC(C)CC(CC)CC,-6.1550067132486825
CCC(CC)CCC(C)C,-6.1870067142580085
CCC(C)C(CC)CC,-5.705006771970819
CCCCC(C)CCCC,-6.308006714332401
CCC(C)CCC(C)CC,-6.2140067144501865
CCC(C)C(C)C(C)C,-5.67500677185232
CCCCC(C(=O)O)C(=O)O,0.4370010845582138
CCC(CC)C(C)(C)C,-5.550006771738729
CCCCCCCCCCC(C(O)=O)C(O)=O,-3.9900014219246116
CCCC(C)C(C)(C)C,-5.550006771738729
CCCCCCCCC(C(=O)O)C(=O)O,-2.920000803253094
CCCCCCCCCC(C(=O)O)C(=O)O,-3.301601131571872
CCCC(C(=O)O)C(=O)O,0.6803017830377727
CCCCCCCC(C(=O)O)C(=O)O,-2.041100429376293
CC(=O)OCC(COC(=O)C)(COC(=O)C)COC(=O)C,-1.5685982873682651
CC(C)OC(=O)C1(CC1)S(=O)(=O)C2=CC=C(C=C2)[N+](=O)[O-],-4.260508870908401
CC(C)OC(=O)C1(CCCCC1)S(=O)(=O)C2=CC=C(C=C2)[N+](=O)[O-],-4.879608553751521
C1=CC=C(C(=C1)[N+](=O)[O-])[N+](=O)[O-],-3.1019984499572177
CN(C(=N[N+](=O)[O-])N)[N+](=O)[O-],-0.6104010651633207
CCCCCOC(=O)C(C)OC(C)=O,-0.8188004294959264
CC(Br)Br,-1.1796709290565297
CCC(C(C)C)C(C)C,-5.620006771770084
CCCCCC(C)C(C)C,-6.291006714745011
CCCC(C)C(C)CC,-5.7100067719078655
CC(C(=O)O)C(=O)O,0.7600036777021073
CCC(CC)(CC)CC,-5.840006771443363
CCC(C)(C)C(C)(C)C,-5.7000067717444844
CCCC(CC)C(C)C,-5.650006772305971
CCCC(C)C(C)CCC,-6.243006715271069
CC(C(=O)OC)OC(=O)C,-0.2616982169931369
C(C(=O)NC(=O)CCl)Cl,-2.2303999999579207
CCOC(=O)C(C)OC(=O)C,-0.6993989154136293
CCCCCCCCCCCCCCCCCCCCCCCCCCCCCCCCCCCC,-8.474606242630264
CC(C)C(C)(C)C(C)C,-5.73000677199552
CCCC(CCC)C(C)C,-6.169006713864902
COC(=O)C1(CC1)S(=O)(=O)C2=CC=C(C=C2)[N+](=O)[O-],-3.3797091343048207
CCC(C)C(C)(C)CC,-5.707006772246181
CCCCC(CC)C(C)C,-6.222006712670748
CCC(C)(C)CCC(C)(C)CC,-6.921006634470761
CC(C)(C)CC(C)(C)C,-5.290006772376557
CCC(C)(CC)C(C)C,-5.800006772597351
CCCCC(C)C(C)CC,-6.2710067176442434
CC1(C2=C(C=C(C=C2)[N+](=O)[O-])C(=O)O1)C,-3.0515991614755955
CC(C)OC(=O)C1(CCCCCC1)S(=O)(=O)C2=CC=C(C=C2)[N+](=O)[O-],-5.070608464110745
C1=CC2=C(C(=C1)S(=O)(=O)O)C(=O)C3=C(C2=O)C=CC=C3S(=O)(=O)O,1.2571863228819655
CC(C)C(C)C(C)(C)C,-5.535006771661065
CC1C2=C(C=C(C=C2)[N+](=O)[O-])C(=O)O1,-2.6156986509461158
CCC1C2=C(C=C(C=C2)[N+](=O)[O-])C(=O)O1,-2.5499991615093776
C1CCCCCCCCC1,-5.6200061921604085
C(C(CBr)(CBr)CBr)Br,-5.384400896117653
C(C(=O)O)C(CC(=O)O)(C(=O)O)O,0.4890045209505114
CCC(=O)OC(C)C(=O)OC,-0.8621989154114899
CC(CC(C)(C)C)CC(C)(C)C,-6.82400662163141
CC1=C(S(=O)(=O)CCS1(=O)=O)C,-1.6600276766621818
C1=CC(=C(C(=C1)C(=O)O)[N+](=O)[O-])C(=O)O,-1.9900967087275714
CCCCCCCBr,-4.431003637308019
CCCCCCOC(=O)C(C)OC(=O)C(C)O,-2.4884003526393883
CCCCCCBr,-3.8080034202211532
C1CCC(CC1)Br,-2.2940029297872226
C#CCBr,-0.9022036507805082
C1=CC(=C(C(=C1)[N+](=O)[O-])C(=O)O)C(=O)O,-1.0209967087704563
C(C(CCl)OC(=O)N)Cl,-1.3605005049879875
C1=CC(=C(C=C1C(=O)O)C(=O)O)[N+](=O)[O-],-1.3390967087905976
CC(C)C(C(=O)O)Br,-1.1030002400443113
C1=CC=C2C(=C1)C(=O)N(C2=O)SC(Cl)(Cl)Cl,-5.569010104777317
CCCCCCCCCCCCCC(=O)OC,-6.650003945559857
CCCCCCCCCCCCCCCCCC(=O)OC,-9.000004364629755
CCCCCCCCCCCCCCCC(=O)OC,-7.83000414427785
CCCCCCCCCC(=O)OCC,-4.100003468815724
CCC/C(=C\C(=O)O)/C(=O)O,-1.1537983525338673
CCCCCCCCOC(=O)C(C)O,-1.2726021467470183
CC(=O)OC(C=C)OC(=O)C,-1.244898352367817
CCOC(=O)CCCCCCCC(=O)OCC,-2.9900014219246116
CCCCCCCCCCCC(=O)OCC,-5.800003803267361
C1=CC(=CC(=C1)S(=O)(=O)N)S(=O)(=O)N,-2.169325366579066
CC1=NC(=NC(=N1)OC)NC(=O)NS(=O)(=O)C2=CC=CC=C2C(=O)O,-3.329543321540334
CC1=NC(=NC(=N1)OC)NC(=O)NS(=O)(=O)C2=CC=CC=C2C(=O)OC,-1.6040086547541124
C1CC(=O)N(C1=O)Cl,-0.9701996748959987
CCOC1=NC(=NC(=N1)OCC)OCC,-1.483802444011262
C1(=O)C(C(=O)NC(=O)N1)(C2(C(=O)NC(=O)NC2=O)O)O,-1.9941978752976313
C[Si](C)(O)O,1.035400000001353
CCC(C)C1=C(C(=CC(=C1)[N+](=O)[O-])[N+](=O)[O-])OC(=O)OC(C)C,-4.914833221808004
CCCCCCCCCCCC(=O)OCCCC,-6.77000406870749
C1CC(=O)N(C1=O)Br,-1.083099755955393
CCCCCCCCCCCCCCCCCC(=O)OCCCC,-2.30178552143604
CCCC(=O)OC(C)C,-1.9400020016476436
CCCCCCCCCCCC(=O)OCCC,-6.28000394230436
C1=CC(=C(C=C1C(=O)O)[N+](=O)[O-])F,-1.5808969500087708
CCC(C)C1=C(C(=CC(=C1)[N+](=O)[O-])[N+](=O)[O-])OC(=O)C,-2.1081993845694407
CC(C)C(C(C)(C)COC(=O)C(C)C)OC(=O)C(C)C,-4.280899950895101
CCOC(=O)CCCCCCC(=O)OCC,-2.530001131456199
C1=CC(=C(C=C1Cl)C(=O)O)[N+](=O)[O-],-1.3189980608734908
CCOC(=O)CCCCCC(=O)OCC,-2.0130008031824156
CCCCCCCCCCCCCC(=O)OC(C)C,-7.285970190706358
CCCCCCCCCCCCCCCCCCCCCC(=O)O,-7.328114460158389
CC(=O)NC(=O)NC(=O)C,-0.3137006026740337
C[Si](C)(O)O[Si](C)(C)O,-0.17960052216346478
CC(C)(CCC(C)(C)CC(=O)O)CC(=O)O,-3.1319011315408383
CC(C)(C)C(=O)OC,-1.3400014955101631
C1=CC(=CC=C1S(=O)(=O)N)S(=O)(=O)N,-2.5283253664520227
C1=CC(=C(C=C1C(=O)O)[N+](=O)[O-])Cl,-2.759998060812866
CC(C(C)(C)O)Cl,-0.2926024797759916
C1=C(C=C(C(=C1Cl)[N+](=O)[O-])Cl)Cl,-4.558999424640834
CCCCOC(=O)CCCCC(=O)OCCCC,-3.8681538695750017
C=CCC#N,-0.30900647327767305
CC(C)CC(=O)OC1=CC=C(C=C1)[N+](=O)[O-],-4.3945000000129415
C1=CC(=CC=C1S(=O)(=O)CCO)S(=O)(=O)N,-1.604021935306424
C1CC12C(=O)NC(=O)NC2=O,-1.8899999999009238
C1=CC=C(C(=C1)C(=O)O)C(F)(F)F,-1.5979965735235322
COC(=O)C1(CCC1)S(=O)(=O)C2=CC=CC=C2,-3.0005116129772627
COC(=O)C1(CCCC1)S(=O)(=O)C2=CC=CC=C2,-2.5501113295132956
COC(=O)C1(CCCCC1)S(=O)(=O)C2=CC=CC=C2,-2.8498110743652343
CC(C)OC(=O)C1(CCC1)S(=O)(=O)C2=CC=CC=C2,-3.3204549385527384
C(/C=C/CCl)Cl,-2.167502084660548
CCCCCCCCOC(=O)C1=CN=CC=C1,-3.092902952797973
CCCCCCCCCOC(=O)C1=CN=CC=C1,-3.095803135112138
CCCCCCCCCCOC(=O)C1=CN=CC=C1,-3.1901032979328456
OC(=O)C1=CC(=C(Br)C=C1)N(=O)=O,-2.96769841114839
CCC1(C(=O)NC(=O)NC1=O)CCC(C)C,-2.5740023032126285
CCC(=O)OC1=CC=C(C=C1)[N+](=O)[O-],-3.892499109870478
CCCCCCC1(C(=O)NC(=O)NC1=O)CC,-3.0500025302685376
C1=C(C(=O)C(=CC1=NCl)Br)Br,-3.706800145044978
CCCCCOC(=O)C1=CN=CC=C1,-2.3776022473939595
CC1=CC=C(C=C1)S(=O)(=O)N(Cl)Cl,-3.466013023003611
CC(=O)OC1=CC=C(C=C1)[N+](=O)[O-],-2.5399985615335514
CCCCCCOC(=O)C1=CN=CC=C1,-2.6538025142981754
CCC(CC)(C(=O)O)C(CC)(CC)C(=O)O,-2.964401131486153
COC(=O)C1(CCC1)S(=O)(=O)C2=CC=C(C=C2)Cl,-2.999610077121298
CCC(C)C1(C(=O)NC(=O)NC1=O)CC,-2.3900020461773424
CC1(C(=O)NC(=O)NC1=O)C,-1.7400005563221177
CCC1(C(=O)NC(=O)NC1=O)C,-1.2300010208924381
CCOC1=NC(=NS1)C(Cl)(Cl)Cl,-3.3254135098777886
CC1C(=O)NC(=O)NC1=O,-1.1300000001328996
CC(C)OC(=O)C1(CCCC1)S(=O)(=O)C2=CC=C(C=C2)Cl,-4.649809583048338
C(CI)I,-3.215999075546706
CC(C)CCCCCOC(=O)C1=CC=CC=C1C(=O)OCCCCCC(C)C,-6.63750244638163
CCC1(C(=O)NC(=O)NC1=O)C(C)C,-2.2140017527893656
CCCCC(=O)OC1=CC=C(C=C1)[N+](=O)[O-],-4.3945000000129415
COC(=O)C1(CC1)S(=O)(=O)C2=CC=CC=C2,-2.2601119291958147
C12C(C(OC1Cl)Cl)C3(C(=C(C2(C3(Cl)Cl)Cl)Cl)Cl)Cl,-6.636914221543812
CN1C(=O)CCC(C1=O)N2C(=O)C3=CC=CC=C3C2=O,-2.9900003190601425
CC(C)OC(=O)C1(CCCCCC1)S(=O)(=O)C2=CC=C(C=C2)Cl,-5.520009318165162
CCCCOC(=O)C(C)OC(=O)C(C)O,-1.3751996020418207
CC1=NC(=NC(=N1)OC)NC(=O)NS(=O)(=O)C2=C(SC=C2)C(=O)OC,-2.237916143414892
CCCCCCCCCCOC(=O)C1=CC=CC=C1C(=O)OCCCCCCCCCC,-9.30760355726817
C(C1C(=O)NC(=O)N1)C(=O)O,-1.1516989011854983
ClC(Cl)=C(Cl)C(Cl)(Cl)Cl,-4.165099999876082
COC(=O)CS(=O)(=O)C1=CC=C(Cl)C=C1,-2.3786110022588516
CCCCCCCCOC(=O)C1=CC=CC=C1C(=O)OCCCCCCCC,-7.249302438067907
C(C(=O)O)OCC(=O)O,0.4927045343934874
CCC1C(=O)NC(=O)NC1=O,-0.9200005563610331
C1=C(OC(=CC1=O)C(=O)O)C(=O)O,-1.1096952821222317
C1CCC2(CC1)C(=O)NC(=O)NC2=O,-3.0600013279590645
CC(=O)OOC(=O)C1=CC=CC=C1,-2.450198071504592
CC(C)OC(=O)CS(=O)(=O)C1=CC=C(C=C1)Cl,-2.408610514506601
NS(=O)(=O)C1=CC2=C(S1)C(O)CCS2(=O)=O,-1.2760309615669192
C1=CC=C(C=C1)I(=O)=O,-1.8415985278573646
C1=CC2=C(C=CC(=C2N=C1)C(=O)O)[N+](=O)[O-],-3.1655992037821314
CCCCCCCC(=O)OC1=C(C=C(C=C1Br)C#N)Br,-6.702304308358835
CCCCP(=O)(CCCC)OCC,-1.2005035794394558
C1COCO1,1.1300011725064907
C(=N[N+](=O)[O-])(N)N,-1.3739033385579853
OC(=O)C1OC(=CC(=O)C1=O)C(O)=O,-1.3769947911339728
COC(=O)C1(CC1)S(=O)(=O)C2=CC=C(C=C2)Cl,-3.3086102755497837
CC(C)OC(=O)C1(CC1)S(=O)(=O)C2=CC=C(C=C2)Cl,-3.540109897205599
COC(=O)C1(CCCCC1)S(=O)(=O)C2=CC=C(C=C2)Br,-4.478608535684278
C1=CC=C(C=C1)C(=O)OC(=O)C2=CC=CC=C2,-4.354599616070894
COC(=O)C1(CCC1)S(=O)(=O)C2=CC=C(C=C2)Br,-3.5500087328123526
C1=CC=C(C=C1)S(=O)(=O)NC2=NN=C(S2)S(=O)(=O)N,-2.9000290101826027
COC(=O)C1(CCCC1)S(=O)(=O)C2=CC=C(C=C2)Br,-4.010408630211955
CCCCC1(C(=O)NC(=NC1=O)S)CC,-3.1400159784920403
CCCCCCCCC1=CC(=C(C(=C1)[N+](=O)[O-])OC(=O)C=CC)[N+](=O)[O-],-4.959500715141265
CCCCCCC1(C(=O)NC(=NC1=O)S)CC,-4.080014907606605
CCCCCCCCCCCCCCCCO,-6.770005378223893
CCCC(C)C1(C(=O)NC(=NC1=O)S)CC,-3.600015411996056
CC1=CC=C(C=C1)S(=O)(=O)C2(CCCCC2)C(=O)OC,-4.60971084327327
C1CCC2(CC1)C(=O)NC(=NC2=O)S,-3.460016367614582
C(C(=O)O)NC=O,0.2672016853101625
CCOP(=O)(N=C1SCS1)OCC,-0.6835261008369079
CCOC(=O)C1(CCC1)S(=O)(=O)C2=CC=C(C=C2)C,-2.9594110743287807
CCCCCCCO,-1.8420044849138406
CC1=CC=C(C=C1)S(=O)(=O)C2(CCCCC2)C(=O)OC(C)C,-4.620010441128249
COC(=O)CS(=O)(=O)C1=CC=C(C=C1)Br,-2.47990933375534
C1=CC(=CC=C1S(=O)(=O)NC2=NN=C(S2)S(=O)(=O)N)Cl,-2.010026071474921
CC(C)CCCCCO,-2.3038046687414093
CC1=CC=C(C=C1)S(=O)(=O)C2(CCCC2)C(=O)OC(C)C,-3.909910633156305
CC(C)(C)OC(=O)C1(CC1)S(=O)(=O)C2=CC=C(C=C2)Cl,-4.120609733167793
COC(=O)C1=C(C(=C(C(=C1Cl)Cl)C(=O)OC)Cl)Cl,-5.82199869170069
C/C=C(/C(=O)O)\Cl,0.9189010810907314
CCCCOP(=O)(CCCC)CCCC,-1.7166038922036795
C1=CC(=C(C=C1Cl)Cl)C(=O)O,-2.5999990905424557
CCC1(C(=O)NC(=NC1=O)S)CC,-2.28001734911488
COCCCl,-0.07250137812688927
C=CCOP(=O)(C1=CC=CC=C1)OCC=C,-2.8999009115196346
C1=CC(=CC(=C1)Br)[N+](=O)[O-],-1.3053997849933356
CCC(C(=O)O)NC=O,-0.591800000063239
CC(C(=O)OC(C)C(=O)OCC=C)O,-0.6825987113571534
CC(C)CC(=O)C1C(=O)C2=CC=CC=C2C1=O,-3.364837774206157
C1=C(C=C(C(=C1Cl)C2=C(C=C(C=C2Cl)Cl)Cl)Cl)Cl,-8.947000009883661
CC1=C(C=C(C=C1)[N+](=O)[O-])Cl,-3.4071049838159424
COC(=O)C1(CC1)S(=O)(=O)C2=CC=C(C=C2)Br,-3.670308844478871
CC[Si](CC)(CC)CC,-5.647506018338279
CS(=O)(=O)C1=CC(=C(C=C1)C(=O)C2C(=O)CCCC2=O)Cl,-3.299408322220923
CC(C)C1OCC2(CO1)COC(OC2)C(C)C,-3.113801422025829
CCC(C)C1(C(=O)NC(=O)NC1=O)CC=C,-2.0200019366696833
C1=CC(=C(C(=C1C2=C(C=C(C=C2Cl)Cl)Cl)Cl)Cl)Cl,-8.239900497233064
CCOC(=O)C1(C(=O)N(C(=O)O1)C2=CC(=CC(=C2)Cl)Cl)C,-5.220299215530399
CCCC(C(C)CC)O,-1.8406046687031128
C12C(C(C3(C1O3)Cl)Cl)C4(C(=C(C2(C4(Cl)Cl)Cl)Cl)Cl)Cl,-7.265397248177456
CCCCCCOC(=O)CCOCC,-2.828902146815971
C1=C(C=C(C(=C1Cl)C2=C(C(=C(C(=C2Cl)Cl)Cl)Cl)Cl)Cl)Cl,-9.479999647042524
CC(C)(/C=N/OC(=O)NC)S(=O)(=O)C,-1.3470144593845303
C1=CC(=CC=C1S(=O)(=O)Cl)I,-4.268608757154166
CC(C)(C)C(=O)C1C(=O)C2=CC=CC=C2C1=O,-4.10700037731842
CCOCCCl,-0.9200020001258649
CCCCCCCCCCC(CCC)O,-5.83700526748833
CCCCCCCI,-4.810001920847623
C1=C(C(=C(C(=C1Cl)Cl)Cl)C2=C(C(=C(C(=C2Cl)Cl)Cl)Cl)Cl)Cl,-10.103239955230023
CCCC(C=C)O,-0.5990034688189358
C1=CC(=C(C(=C1C2=C(C(=C(C(=C2Cl)Cl)Cl)Cl)Cl)Cl)Cl)Cl,-9.290000911728672
CC1=NC(=NC(=N1)OC)N(C)C(=O)NS(=O)(=O)C2=CC=CC=C2C(=O)OC,-3.898108567424736
CCOC(=O)COC(=O)C1=C(C=CC(=C1)OC2=C(C=C(C=C2)C(F)(F)F)Cl)[N+](=O)[O-],-5.872897672121276
CCCCCCCCCCCCC(CCC)O,-6.770805373261756
C1=C(C=C(C(=C1Cl)Cl)Cl)C2=C(C(=C(C(=C2Cl)Cl)Cl)Cl)Cl,-9.699750829584966
C=CF,-0.27599905672944336
C=CBr,-1.2750012181821115
CC1=CC=C(C=C1)S(=O)(=O)C2(CC2)C(=O)OC,-2.88031161291369
CCOC(=O)C1(CC1)S(=O)(=O)C2=CC=C(C=C2)C,-3.0104113295880106
COCCC(=O)OC,0.802700735290525
C(C(=O)NN)C(=O)NN,-0.1210039444713671
C1=C(C(=CC2=C1NC=NS2(=O)=O)S(=O)(=O)N)C(F)(F)F,-0.8186167506019004
C1=C(C(=C(C(=C1Cl)Cl)Cl)Cl)C2=C(C(=C(C(=C2Cl)Cl)Cl)Cl)Cl,-10.268781031952395
CCCCP(=O)(CCCC)CCCC,-0.5932049731569429
CC1=CC=C(C=C1)S(=O)(=O)C2(CC2)C(=O)OC(C)C,-3.230711074265579
C1=C(C(=C(C(=C1Cl)Cl)Cl)C2=C(C(=C(C=C2Cl)Cl)Cl)Cl)Cl,-9.100000043373374
COP(=S)(OC)SSP(=S)(OC)OC,-4.3981388232821255
C1=C(C=C(C(=C1Cl)C2=CC(=C(C(=C2Cl)Cl)Cl)Cl)Cl)Cl,-8.680000090187853
CC(=O)OC1=CC=C(C=C1)C(=O)OC,-2.499998658098541
C1=C(C(=CC(=C1Cl)Cl)Cl)C(=O)O,-2.4445990368798904
CCOP(=O)(N=C1SCC(S1)C)OCC,-3.6744240271049775
C1CCC(CC1)(C(=O)N)N2C(=O)C3=C(C2=O)C(=CC=C3)Cl,-4.009701274214204
C1=C(C(=C(C(=C1Cl)Cl)Cl)Cl)C2=C(C(=C(C=C2Cl)Cl)Cl)Cl,-9.419999354745435
COC(=O)C1=CC=CC=C1S(=O)(=O)NC(=O)NC2=NC(=CC(=N2)OC(F)F)OC(F)F,-5.152004636607639
C(COCCO[N+](=O)[O-])OCCO[N+](=O)[O-],-1.5609974684043153
CCCSP(=O)(OCC)SCCC,-2.5090274191094486
C1=C(C=C(C=C1Cl)Cl)C2=C(C(=C(C(=C2Cl)Cl)Cl)Cl)Cl,-9.10000055050907
CC(=O)NP(=O)(OC)SC,0.6499826913213544
CC(=O)C1=CC=C(C=C1)OC(=O)C,-1.519999512535901
C1=CC(=C(C=C1Cl)Cl)C2=C(C(=C(C(=C2Cl)Cl)Cl)Cl)Cl,-8.970600709137186
CC(C)(C)C1=NNC(=O)NC1=O,-1.500005506703789
CCOP(=O)(N=C1SCCS1)OCC,-2.594125006981641
CCOP(=S)(OCC)OC1=NC=CN=C1,-2.3380138211336883
C1=CC(=C(C(=C1)Cl)Cl)C2=C(C(=C(C=C2Cl)Cl)Cl)Cl,-8.480000586511924
C1=CC(=C(C(=C1)Cl)Cl)C2=C(C=C(C=C2Cl)Cl)Cl,-7.399900660074004
C1=C(C(=C(C(=C1Cl)Cl)Cl)C2=C(C(=CC(=C2Cl)Cl)Cl)Cl)Cl,-9.19990039347062
CCCC(=O)OCC(CO)O,-1.3349994644565681
C1=CC(=C(C=C1Cl)Cl)C2=C(C=C(C=C2Cl)Cl)Cl,-7.660000694002776
CC(C)(CCO)OC,-0.07252928597088468
C(#N)N=C(N)S,-0.0049171773448730026
CCCCOCCC(=O)OCCCC,-2.4029021468333016
C1=CC(=C(C=C1[N+](=O)[O-])C(=O)C(=O)C2=C(C=CC(=C2)[N+](=O)[O-])O)O,-3.5213976468531585
C1=CC(=C(C=C1C2=C(C(=C(C(=C2Cl)Cl)Cl)Cl)Cl)Cl)Cl,-8.900000179995034
C1=C(C=C(C(=C1Cl)Cl)Cl)C2=C(C(=C(C=C2Cl)Cl)Cl)Cl,-9.10000055050907
CC1=CC=C(C=C1)S(=O)(=O)OC2=C(C(=NN2C)C)C(=O)C3=C(C=C(C=C3)Cl)Cl,-6.894607512542835
C=CCOCC1CO1,0.09199923918323025
CCCCCCCCCCCCCCNC(=O)C(C)O,-3.978404563936229
C1=C(C=C(C=C1Cl)Cl)C2=C(C=C(C=C2Cl)Cl)Cl,-7.920000658687935
C1=CC(=C(C(=C1)Br)Br)Br,-5.040200413829619
C1=C(C=C(C(=C1Cl)C2=C(C(=CC(=C2Cl)Cl)Cl)Cl)Cl)Cl,-8.490100193937659
C1=C(C(=C(C(=C1Cl)Cl)Cl)Cl)C2=CC(=C(C(=C2Cl)Cl)Cl)Cl,-9.198699551205975
C1=CC(=C(C(=C1)Cl)Cl)C2=CC(=C(C(=C2Cl)Cl)Cl)Cl,-8.421000477186517
C1=CC(=C(C(=C1)Cl)C2=C(C=C(C=C2Cl)Cl)Cl)Cl,-7.31600067796196
CCCCCCCCCCCNC(=O)C1=CN=CC=C1,-3.0266047133071092
C1=CC(=C(C(=C1C2=C(C(=C(C(=C2Br)Br)Br)Br)Br)Br)Br)Br,-9.351000625822193
C1=C(C=C(C(=C1C2=C(C(=C(C(=C2Cl)Cl)Cl)Cl)Cl)Cl)Cl)Cl,-9.419999354745435
C1=CC(=C(C(=C1)Cl)C2=CC(=C(C(=C2Cl)Cl)Cl)Cl)Cl,-8.130000523540918
CCCCCCCCCCNC(=O)C1=CN=CC=C1,-3.0765046342479407
CC1=NC=C(N1CCOP(=O)(O)O)[N+](=O)[O-],-1.3799994811136562
CCCCCCCCCNC(=O)C1=CN=CC=C1,-3.1398045462424364
C1=CC(=C(C=C1C2=C(C=C(C=C2Cl)Cl)Cl)Cl)Cl,-7.910000699380386
C(C(=O)O)N=C(S)SCC(=O)O,-1.3011278125989787
CC(C)NP(=O)(NC(C)C)F,-0.3574038142429211
C(=C/Cl)\Cl,-1.187000896002991
C1=CC=C(C(=C1)C2=C(C(=C(C(=C2Cl)Cl)Cl)Cl)Cl)Cl,-8.013300526881027
C1CCC(CC1)C2=C(C(=CC(=C2)[N+](=O)[O-])[N+](=O)[O-])O,-4.248999999932362
C1=C(C(=C(C(=C1Cl)Cl)Cl)Cl)C2=C(C(=CC(=C2Cl)Cl)Cl)Cl,-9.290000911728672
CCCCCCNC(=O)C1=CN=CC=C1,-2.522104210597069
C1=C(C(=CC(=C1Cl)Cl)Cl)C2=C(C(=C(C(=C2Cl)Cl)Cl)Cl)Cl,-9.499999486975122
C1=CC(=C(C(=C1Cl)C2=C(C(=C(C(=C2Cl)Cl)Cl)Cl)Cl)Cl)Cl,-9.100000043373374
C1=CC(=C(C=C1C(F)(F)F)[N+](=O)[O-])O,-2.5029964352059566
C1=CC(=C(C(=C1C2=C(C(=CC(=C2Cl)Cl)Cl)Cl)Cl)Cl)Cl,-8.420000385692934
C(=C\Br)\Br,-1.3195004673748738
COCCOC(=O)C1=CC=CC=C1C(=O)OCCOC,-1.521299076936382
C1=CC(=C(C(=C1)Cl)C2=C(C(=C(C=C2)Cl)Cl)Cl)Cl,-6.779800668362002
C1=CC(=C(C(=C1C2=C(C(=C(C=C2)Br)Br)Br)Br)Br)Br,-7.756000258983251
C1=CC(=C(C(=C1)Cl)C2=C(C=C(C=C2)Cl)Cl)Cl,-6.650000892052633
C1=C(C=C(C(=C1Cl)Cl)Cl)C2=C(C(=CC(=C2Cl)Cl)Cl)Cl,-9.10000055050907
CC(C(=O)N)O,0.9434990250772678
C1=C(C=C(C(=C1C2=C(C(=C(C=C2Cl)Cl)Cl)Cl)Cl)Cl)Cl,-8.680000090187853
C1=CC=C(C=C1)C(=O)OCCCOCCCOC(=O)C2=CC=CC=C2,-4.358400253614716
C1=CC(=C(C(=C1Cl)C2=C(C(=CC(=C2Cl)Cl)Cl)Cl)Cl)Cl,-7.940000312615869
CC(=O)NC1=C(C=C(C(=C1I)C(=O)O)I)I,-2.639998596288897
C1=C(C=C(C(=C1C2=C(C(=CC(=C2Cl)Cl)Cl)Cl)Cl)Cl)Cl,-8.590100386491441
C1=C(C=C(C=C1[N+](=O)[O-])O)[N+](=O)[O-],-1.662997641123599
CC(=O)OC(C1=CC=CC=C1)C(=O)O,-1.2309986581248897
C1=CC=C(C(=C1)C2=C(C(=C(C=C2Cl)Cl)Cl)Cl)Cl,-7.434600651928709
C1=CC=C(C(=C1)C2=C(C=C(C=C2Cl)Cl)Cl)Cl,-6.650000892052633
C1C2=C(C=C(C=C2)Br)C(=O)O1,-2.6471993883947467
C1=C(C=C(C=C1Cl)Cl)C2=C(C(=CC(=C2Cl)Cl)Cl)Cl,-8.270000467756892
CCCCCCCCCCCCCCCCCC(=O)OC=C,-6.150004195846773
C1=CC(=C(C(=C1)Cl)Cl)C2=C(C(=CC(=C2Cl)Cl)Cl)Cl,-8.603600698378433
C1=CC=C(C=C1)COC(=O)C2=C(N=C(S2)Cl)C(F)(F)F,-5.808508100077689
C1=CC(=C(C(=C1)Cl)Cl)C2=C(C(=CC=C2)Cl)Cl,-7.272000880420474
C1=CC(=C(C(=C1C2=C(C(=C(C=C2)Cl)Cl)Cl)Cl)Cl)Cl,-9.013000716715673
CCCC(=O)C=C,-0.8300026550008569
C1=CC(=C(C(=C1)Cl)Cl)C2=C(C=CC=C2Cl)Cl,-6.301018097022029
C1=CC(=C(C(=C1Cl)C2=C(C(=C(C=C2Cl)Cl)Cl)Cl)Cl)Cl,-8.15010038501159
C1=CC(=C(C=C1C2=C(C(=CC(=C2Cl)Cl)Cl)Cl)Cl)Cl,-8.480000586511924
C1=C(C=C(C(=C1Cl)C2=CC(=C(C=C2Cl)Cl)Cl)Cl)Cl,-8.119900530642047
CC(=O)OC1=CC=C(C=C1)C(=O)N,-1.6399999999837755
CCOC(=O)C1=CC=CC=C1S(=O)(=O)NC(=O)NC2=NC(=CC(=N2)Cl)OC,-4.576007642585826
C1=C(C=C(C(=C1C2=CC(=C(C(=C2Cl)Cl)Cl)Cl)Cl)Cl)Cl,-9.10000055050907
C1=CC(=C(C(=C1)Cl)C2=CC(=C(C=C2)Cl)Cl)Cl,-7.01990088785379
C1=CC(=C(C(=C1C2=C(C=CC(=C2Cl)Cl)Cl)Cl)Cl)Cl,-7.650000463330323
C1=CC=C(C(=C1)C2=C(C(=CC(=C2Cl)Cl)Cl)Cl)Cl,-7.399900660074004
C1=CC(=C(C(=C1)F)CN2C=C(N=N2)C(=O)N)F,-3.50000145860677
C1=CC(=C(C(=C1Cl)C2=CC(=C(C=C2Cl)Cl)Cl)Cl)Cl,-7.930000491062773
C1=CC(=C(C=C1Cl)Cl)C2=C(C=CC(=C2Cl)Cl)Cl,-7.1694006587026085
CCCCCCCCCCCCCCCCNC(=O)C(C)O,-3.6512047096917795
C=CCN(CC=C)C(=O)CCl,-0.9450027510916078
C1=CC=C(C=C1)CCl,-2.382002401610014
CNC(=O)CSP(=S)(OC)OC,-0.9620274682672096
C1=CC(=C(C(=C1Cl)C2=CC(=C(C(=C2Cl)Cl)Cl)Cl)Cl)Cl,-8.590100386491441
C1=CC(=CC=C1OS(=O)(=O)C2=CC=C(C=C2)Cl)Cl,-5.0103887826017495
C1=CC(=C(C(=C1Cl)C2=C(C=CC(=C2Cl)Cl)Cl)Cl)Cl,-7.90300046138741
CCNC(=O)CSP(=S)(OC)OC,-1.4570262416126658
CCOP(=S)(OCC)OC1=CC(=C(C=C1Cl)Br)Cl,-5.952103063854766
CCOCC(=O)OC1=CC=C(Cl)C=C1Cl,-3.350299651196398
C1=CC(=C(C=C1Cl)Cl)C2=C(C(=CC(=C2)Cl)Cl)Cl,-7.820000697266053
CC1=CC(=C(C(=C1)C)P(=O)=O)C,-2.7848216055592716
C1=CC(=C(C(=C1)Cl)Cl)C2=C(C=CC(=C2Cl)Cl)Cl,-6.780000666414927
C1=CC(=C(C(=C1Cl)C2=C(C(=CC(=C2)Cl)Cl)Cl)Cl)Cl,-7.822000456302484
C1=CC=C(C(=C1)C2=C(C=CC=C2Cl)Cl)Cl,-5.900001180102606
C1=CC(=CC(=C1)Cl)C2=C(C(=CC(=C2Cl)Cl)Cl)Cl,-7.760000680695244
CCC1(C(=O)NC(=O)N(C1=O)CC(CO)O)C2=CC=CC=C2,-1.7872005671038336
C1=CC=C(C(=C1)C=O)C=O,-1.3399993524716804
C1=C(C=C(C(=C1C2=CC(=C(C=C2Cl)Cl)Cl)Cl)Cl)Cl,-8.580100381422957
C1=CC(=CC=C1C2=C(C(=CC(=C2Cl)Cl)Cl)Cl)Cl,-7.880000681186406
C1=CC=C(C=C1)S(=O)(=O)OC2=CC=C(C=C2)Cl,-4.209193518950422
CCC1(C(=O)NC(=O)N(C)C1=O)C1=CC=CC=C1,-3.68000141083681
CC(C)CC(=O)CC(=O)C,-1.6000018324422363
C1=CC=C(C=C1)C2=C(C(=CC(=C2Cl)Cl)Cl)Cl,-7.250000894580621
C1=CC=C(C=C1)C2=C(C=CC=C2Cl)Cl,-4.966001557217155
C1=CC=C(C(=C1)Cl)Cl,-2.974001181757144
C1=CC=C(C(=C1)C2=CC(=C(C(=C2Cl)Cl)Cl)Cl)Cl,-7.522600645971784
CCCCNC(=O)OCC(C)(CCC)COC(=O)N,-2.7400025327382034
C1=CC=C(C(=C1)C2=C(C=CC(=C2Cl)Cl)Cl)Cl,-6.301018097022029
C1=CC(=C(C(=C1Cl)C2=CC(=C(C(=C2)Cl)Cl)Cl)Cl)Cl,-8.270000467756892
C1=CC(=C(C=C1Br)C=O)Br,-3.8002999999828297
CCOP(=S)(OCC)SC(CCl)N1C(=O)C2=CC=CC=C2C1=O,-6.340016100242167
COP(=S)(OC)OC1=CC(=C(C=C1Cl)Br)Cl,-6.086359830674748
CNC(=O)OCC1=CC(=C(C=C1)Cl)Cl,-3.13890074207467
C1=CC(=C(C=C1C2=C(C=CC(=C2Cl)Cl)Cl)Cl)Cl,-7.650000661015176
CCOP(=S)(OCC)OC1=C(C=C(C=C1)Cl)Cl,-6.109010059116495
C1=CC(=C(C=C1Cl)Cl)C2=C(C(=C(C=C2)Cl)Cl)Cl,-7.620000677500011
CCOP(=S)(OCC)SC1C(OCCO1)SP(=S)(OCC)OCC,-5.469156648946435
C1=CC(=C(C(=C1Cl)C2=CC(=CC(=C2)Cl)Cl)Cl)Cl,-7.950000638119905
C1=CC(=CC=C1C2=C(C(=C(C=C2Cl)Cl)Cl)Cl)Cl,-7.950000638119905
C1=CC=C(C(=C1)C2=C(C(=CC(=C2)Cl)Cl)Cl)Cl,-6.230100892015815
COCCOCCO,0.9202999999953865
CCOP(=S)(OCC)O/N=C(\C#N)/C1=CC=CC=C1,-4.6300058235605785
C=CCC1(C(=O)NC(=O)NC1=O)C1=CC=CC=C1,-2.1520010667934653
C1=CC(=C(C(=C1)Cl)C2=CC=C(C=C2)Cl)Cl,-6.20900118092449
C1=CC=C(C(=C1)Cl)Br,-3.2030009074120587
CCCCCCCCCCNC(=O)C(C)O,-3.3605041655017027
C1=CC=C(C=C1)OC(=O)N2C3=CC(=C(C=C3N=C2C(F)(F)F)Cl)Cl,-4.460299189739941
C(C(=O)O)OC1=C(C(=C(C(=C1Cl)Cl)Cl)Cl)Cl,-3.7499987950216336
CNC(=O)O/N=C(/C(=O)N(C)C)\SC,0.10598415425259461
CCCCCCCCCCCCNC(=O)C1=CN=CC=C1,-3.20780478485535
C1=CN=C2C(=C(C(=C(C2=N1)Cl)Cl)Cl)Cl,-5.428001296646888
CCCCCCCCNC(=O)C1=CN=CC=C1,-3.00810444772713
C1=CC(=C(C=C1Cl)C2=C(C(=C(C=C2Cl)Cl)Cl)Cl)Cl,-8.010000520626857
CC1=CC(=C(C=C1)C(=O)OC)C2=NC(C(=O)N2)(C)C(C)C,-2.459902108586272
C1=CC=C(C(=C1)C(C2=CC=CC=C2C(=O)O)C(=O)O)C(=O)O,-2.4997982643487267
C1=CC(=C(C=C1O)C(F)(F)F)[N+](=O)[O-],-1.6171964351509645
C1=CC=C(C(=C1)C2=C(C(=C(C=C2)Cl)Cl)Cl)Cl,-6.830000891418765
CC1=NN=C2N1C3=C(C=C(C=C3)Cl)C(=NC2)C4=CC=CC=C4Cl,-4.0800030368746425
C1CCC(CC1)NC(=O)C2=CN=CC=C2,-2.3190038269196993
C1=CC(=C(C=C1F)O)[N+](=O)[O-],-2.0499975120262834
C1=C(C=C(C(=C1Cl)Cl)Cl)C2=CC(=C(C(=C2Cl)Cl)Cl)Cl,-8.72020014467537
C1=CC(=CC(=C1)Cl)F,-2.34600000000873
CC(COCC1=C(C=CC(=C1Cl)Cl)Cl)O,-3.567300483346593
C1=CC=C(C=C1)C2=C(C=CC(=C2Cl)Cl)Cl,-6.490001180630634
CCOC1=NC(=CC2=NC(=NN21)S(=O)(=O)NC3=C(C=CC=C3Cl)C(=O)OC)F,-4.429207477047003
C1C2=C(C=C(C=C2)I)C(=O)O1,-3.210898663812538
CCCC(C(=O)C)C(=O)C,-0.8800018323920161
C1=CC2=C(C(=C1)C(=O)O)N=CC=C2,-1.7447005016023982
C1C(C(OC1N2C=C(C(=O)NC2=O)C(F)(F)F)CO)O,-0.7099978006521924
C1=CC=C(C=C1)P(=O)(N)N,-1.1482036160595543
C1=CC(=C(C=C1Cl)C2=C(C=C(C=C2Cl)Cl)Cl)Cl,-7.47000066667911
C1=CC(=C(C(=C1)Cl)C2=C(C=CC(=C2)Cl)Cl)Cl,-6.787900888285698
C1=CC(=CC(=C1)Br)F,-2.6660000000019743
CCOP(=S)(OCC)SCSP(=S)(OCC)OCC,-5.284032871013859
CCC(C)SP(=O)(OCC)SC(C)CC,-3.03762521687209
COC1=C(C(=C(C(=C1Cl)Cl)Cl)Cl)OC,-5.2393996851773
CC(C)N(C1=CC=CC=C1)C(=O)CCl,-2.481002667014161
C1=CC=C(C=C1)C2(C(=O)N(C(=O)N2)COC(=O)C(CO)CO)C3=CC=CC=C3,-2.2100002258871294
C1=CC=C(C(=C1)F)Cl,-2.4160000000153588
CCCCOP(=O)(OCCCC)OCCCCOCC,-2.646801819066356
C1=CC=C(C(=C1)CCl)F,-2.541000600814484
CCCCCCCCNC(=O)C(C)O,-2.282703883150347
C1=CC=C(C=C1)C2=CC(=C(C=C2[N+](=O)[O-])[N+](=O)[O-])O,-4.461098998589922
C1=CC(=CC(=C1)F)CCl,-2.5440006007639493
C(CC(C(=O)O)S)C(C(=O)O)S,-2.4758276766062544
C1=CC(=C(C=C1Cl)C2=C(C(=CC(=C2)Cl)Cl)Cl)Cl,-7.820000697266053
CCCCC(CN1C=NC=N1)(C#N)C2=CC=C(C=C2)Cl,-3.308018047034096
CCC(C(C1=CC=CC=C1)C(=O)O)C(=O)O,-2.3255996090475124
C1=CC(=CC=C1C2=C(C=C(C=C2Cl)Cl)Cl)Cl,-6.505800892621573
CCOC(=O)C1=CN=C(NC1=O)S,-2.098515617832071
CCC1(C(=O)C(CNC1=O)C)CC,-0.38000284392458467
CC(C)N(C1=CC=C(C=C1)F)C(=O)COC2=NN=C(S2)C(F)(F)F,-3.812108128060144
CCCCC(=O)OCN1C(=O)C(NC1=O)(C2=CC=CC=C2)C3=CC=CC=C3,-4.6800014223116735
C1=C(C=C(C(=C1F)F)F)F,-2.305995948624819
CC(C)(C)C#CC(C)(C)C,-3.8292279317947395
C1=CC=C(C(=C1)F)Br,-2.695000000054436
CCC1=CC(=C(N=C1)C2=NC(C(=O)N2)(C)C(C)C)C(=O)O,-2.3153024015559343
CC(C)(C)C(=O)OC1=CC2=C(C=C1)N=C(S2)S(=O)(=O)N,-3.7300198925402035
C1=CC(=C(C(=C1C2=CC(=C(C(=C2)Cl)Cl)Cl)Cl)Cl)Cl,-9.100001154454409
CC1=CC(=C(N=C1)C2=NC(C(=O)N2)(C)C(C)C)C(=O)O,-2.0911022084828694
C\C(=C/C(O)=O)C(S)C(\C)=C\C(O)=O,-2.3350132544843594
C1=CC=C2C(=C1)C(=CC(=C2Cl)[N+](=O)[O-])[N+](=O)[O-],-5.399999140520048
C1=CC(=CC(=C1)I)I,-4.517999210300183
CC(C)C#CC(C)(C)C,-3.6200244725151274
CCOP(=O)(OCC)O/C=C/Cl,-1.3315995952137407
CC(C1=CC=C(C=C1)C(=O)C2=CC=CS2)C(=O)O,-2.0000116785968047
CCC(C)(C)C1CC/C(=N/O)/C(=N\O)/C1,-3.965203682274358
CCC(=O)OCN1C(=O)C(NC1=O)(C2=CC=CC=C2)C3=CC=CC=C3,-4.91000102679704
CC(C)(C)C1=NNC(=O)N(C1=O)N,-2.0478033239071802
CC(C)OC(=O)C1=CC=CC=C1OP(=S)(N)OC,-3.6156199072189907
CC1=NN=C2N1C3=C(C=C(C=C3)Cl)C(=NC2)C4=CC=CC=C4,-3.6000035163260278
CC1=CC=C(C=C1)S(=O)(=O)OC2=CC=CC=C2C,-3.9417119199502437
C1=CC(=CC=C1CCl)F,-2.5442006007844395
C1=CC=C(C=C1)C2=C(C=CC(=C2[N+](=O)[O-])O)[N+](=O)[O-],-3.7163989985958086
C1=CC=C(C=C1)S(=O)(=O)NC2=CC=CC=C2[N+](=O)[O-],-4.010010924288768
CC1=C(N=C(N1)Br)[N+](=O)[O-],-1.7910010541640569
COP(=O)(OC1=CC=CC=C1)OC2=CC=CC=C2,-2.120999835644956
CC(=O)N=C1N(N=C(S1)S(=O)(=O)N)C,-1.920027204176482
C1=C(C=C(C=C1Cl)Cl)C2=CC(=C(C=C2Cl)Cl)Cl,-7.47000066667911
C1=CC=C(C=C1)COC(=O)C2=CC=CC=C2,-4.139322885768308
C12=C(C(=C(C(=C1Cl)Cl)Cl)Cl)OC3=C2C(=C(C(=C3Cl)Cl)Cl)Cl,-11.582685270267614
CCC1(C(=O)C2=CC=CC=C2C1=O)CC3(CO3)C4=CC(=CC=C4)Cl,-4.386400637095916
CCCCOP(=O)(OCCCC)OC1=CC=CC=C1,-3.4750013651725378
CC(=O)OCN1C(=O)C(NC1=O)(C2=CC=CC=C2)C3=CC=CC=C3,-4.470000803491975
CC1=CC(=C(C=C1)C(=O)O)C,-2.97000057837399
C1=CC(=CC=C1CN=C=S)Br,-3.8200150406529096
CC(=O)N(C)N=O,-0.768401701667507
C1=CC(=C(C(=C1Cl)OCC(=O)O)Cl)Cl,-2.619998810054997
C1=CC(=C(C(=C1)Cl)OCC(=O)O)Cl,-2.1499988211350236
CN1C2=C(C(=O)N(C1=O)C)N=C3C(=N2)N(C(=O)N(C3=O)C)C,-3.3100019981904256
C1=CC=C(C(=C1)F)F,-1.9999984774178463
C1=CC=C(C(=C1)C2=CC=CC=C2Cl)Cl,-5.081001557188258
C1C(=O)NC2=C(C=C(C=C2)[N+](=O)[O-])C(=N1)C3=CC=CC=C3,-3.8000012352576564
C1=CC=C(C=C1)S(=O)(=O)NC2=CC=C(C=C2)[N+](=O)[O-],-3.930010924231919
CCN(CC)C(=O)CCl,-0.24300319291029845
CCNC1=NC(=NC(=N1)Cl)NC(C)(C)C#N,-3.151014434833091
C1=CC=C(C=C1)C2(C3=CC=CC=C3C(=O)O2)C4=CC=CC=C4,-3.850000910089661
C1=CC(=CC=C1Cl)Br,-3.6300009074007615
C1=CC=C(C=C1)CCBr,-3.67570211208397
C1=CC=C(C=C1)S(=O)(=O)NC2=CC=CC=C2Cl,-4.320012165881067
C1=C(C=C(C(=C1[N+](=O)[O-])O)Cl)Cl,-4.087598747332288
CNC(=O)OC1=CC=CC=C1C2OCCO2,-1.5705974178515105
C1=C(C=C(C(=C1Cl)Cl)Cl)C2=CC(=C(C(=C2)Cl)Cl)Cl,-5.712295160325036
C1CC1C(=O)N(C2CCOC2=O)C3=CC(=CC=C3)Cl,-2.6880007762691993
CCC1(C(=O)NC(=S)NC1=O)C1=CC=CC=C1,-3.580013992416914
CCOC(=O)CC1=CC=CC=C1,-2.0500010580735077
CCCC(=O)N(C)N=O,-1.5347026696036303
C1=CC(=CC=C1Br)Br,-4.0720007363195325
C1=CC(=CC(=C1)[N+](=O)[O-])N=C=S,-3.5500173539682063
CC(C)C1=CC=CC=C1OC(=O)NC,-2.6840022474229324
C1=CC=C(C(=C1)C2=CC(=CC(=C2)Cl)Cl)Cl,-6.299901178943302
C1=CC=C(C=C1)OC(=O)C2=CC=CC=C2C(=O)OC3=CC=CC=C3,-6.58909972695845
CCNC1=NC(=NC(=N1)Cl)NCC(=O)OCC,-2.937003511905935
C1=C2C3=C(C(=C(C(=C3Cl)Cl)Cl)Cl)OC2=C(C(=C1Cl)Cl)Cl,-11.481718586684753
CCN(CC)C(=O)/C(=C(\C)/OP(=O)(OC)OC)/Cl,0.5232994203304283
C1=CC(=CC(=C1)Cl)C2=C(C(=C(C=C2)Cl)Cl)Cl,-6.770000893833108
CC(C)C1=CC=CC=C1Br,-4.189802399442282
CC(CO)OCC(C)OC,0.8291988280160566
CC(C)C1(C(=O)NC(=N1)C2=NC3=CC=CC=C3C=C2C(=O)O)C,-3.539001952888311
CC(C)N(C(C)C)C(=O)SCC(=C(Cl)Cl)Cl,-4.8818121166198365
CC(C)NC1=NC(=NC(=N1)SC)N=[N+]=[N-],-3.6123618757621547
CCC1=CC=CC=C1Br,-3.6702021120818187
C1=CC(=C(C=C1Cl)Cl)C2=CC(=C(C(=C2)Cl)Cl)Cl,-8.55000069340556
C/C=C\CO,0.36199759095433215
CCCCO[P+](=O)OCCCC,-1.4226420538618183
CCOC(=O)CNC1=NC(=NC(=N1)Cl)NC(C)C,-2.5620036492381746
C(C(=O)NCC(=O)O)NC(=O)CNC(=O)N,-1.350500748074
C1=CC(=CC=C1O)S(=O)(=O)C2=CSC(=C2)S(=O)(=O)N,-2.805027468458005
CCCCCCCCOP(=O)(OC1=CC=CC=C1)OC2=CC=CC=C2,-6.413101558019571
CC(C)OC(=O)C(C1=CC=C(C=C1)Cl)(C2=CC=C(C=C2)Cl)O,-5.3543876302048945
CC1=CC(=CC=C1)Br,-3.520001777463149
CN(C)P(=O)(N(C)C)F,0.812126910396212
CC1=NC(=NC(=N1)OC)NC(=O)NS(=O)(=O)C2=CC=CC=C2OCCCl,-4.098908754504712
CCC(COC(=O)N)(C1=CC=CC=C1)O,-0.9230012453651657
CCOC(=S)SC(C)C(O)=O,-1.4489308501881852
C1CCC(CC1)N2CC3=CC(=C(C=C3C2=O)S(=O)(=O)N)Cl,-4.312810698417662
CC(C)NP(=S)(OC)OC1=C(C=C(C=C1)Cl)Cl,-4.7980111970965815
C1(=C(C(=C(C(=C1Br)Br)Br)Br)Br)O,-6.5999997336216545
C1=CC(=CC(=C1)Cl)C2=CC(=C(C=C2Cl)Cl)Cl,-7.129900896053675
CCCCCC(=O)NCCNC(=O)CCCCC,-3.1079044042178676
CCCCOCCOCCOC(=O)C,-0.8188343906581104
C1C(=O)C=CN(C1=O)C2C(C(C(O2)CO)O)O,-0.769998571520054
CC(=O)CC(CC(=O)O)C1=CC=CC=C1,-1.4463004211510375
CC12CCC(=O)C=C1CCC3C2C(CC4(C3CCC4(C(=O)COC(=O)CC(C)(C)C)O)C)O,-5.5110015085429405
C1(=C(C(C(=C1Cl)Cl)(Cl)Cl)Cl)Cl,-5.181000000066373
CCC(C)NP(=S)(OCC)OC1=C(C=CC(=C1)C)[N+](=O)[O-],-4.814010845685695
CC(C1CC1)C(CN2C=NC=N2)(C3=CC=C(C=C3)Cl)O,-3.3189034234135946
C1=CC(=CC(=C1)Cl)C2=C(C=CC(=C2)Cl)Cl,-6.008001180834643
C1=CC(=CC=C1C2=C(C(=CC(=C2)Cl)Cl)Cl)Cl,-6.770000893833108
C1=CC=C(C(=C1)NN=C(C#N)C#N)[N+](=O)[O-],-3.930004036731764
C1=CC(=CC=C1C(C2=CC=C(C=C2)Cl)C(Cl)(Cl)Cl)Cl,-7.809001123444145
CCOC(=O)N(C)N=O,-0.552800657415778
CC(\N=N\C1=CC=C(C=C1N(=O)=O)N(=O)=O)C(O)=O,-1.0304993522655859
COC1=C(C=CC(=C1)OC2=C(C=C(C=C2)Cl)Cl)[N+](=O)[O-],-6.019979864325704
CC12CC(C3C(C1CCC2(C(=O)COC(=O)C(C)(C)C)O)CCC4=CC(=O)C=CC34C)O,-4.583001172423721
C1=C(C=C(C(=C1OCC(=O)O)Cl)Cl)Cl,-2.999998810079219
C1=CC(=CC(=C1)Br)/C=C/C(=O)O,-2.6359998087035836
CN(C)C(=O)C1=CC(=C(C=C1[N+](=O)[O-])[N+](=O)[O-])N2CC2,-2.4800006198983744
C1CCC(C(CC1)(C2=CC=C(C=C2)Cl)O)N3C=NC=N3,-3.3681034233909766
CN1C=NC(=C1SC2=NC=NC3=C2NC=N3)[N+](=O)[O-],-3.2100140972309394
CC(C)N(C(C)C)C(=O)SC/C(=C/Cl)/Cl,-4.285613821787106
C1CS(=O)C2=C(C1O)SC(=C2)S(=O)(=O)N,-1.5700334644227245
C1CN1C2=C(C=C(C(=C2)C(=O)N)[N+](=O)[O-])[N+](=O)[O-],-2.299999999998376
C1=CC(=CC(=C1)Cl)C2=CC(=CC(=C2)Cl)Cl,-5.787659003940096
CC12CCC3C(C1CCC2OC(=O)CC4=CC=CC=C4)CCC5=CC(=O)CCC35C,-4.660002350063275
C1=CC(=C(C=C1C2=C(C=CC(=C2)Cl)Cl)Cl)Cl,-6.853000889796922
C(C(=O)O)SCC(=O)O,0.42548264576345035
C1=C(C(=CC(=C1F)F)F)F,-2.3759959485711137
CCCCCCCCCC1=CC=C(C=C1)OP(=O)(OC2=CC=CC=C2)OC3=CC=CC=C3,-5.7690018233576525
COC1=CC(=NC(=N1)NC(=O)NS(=O)(=O)NC2=CC=CC=C2C(=O)C3CC3)OC,-6.394308243672844
C1=CC(=C(C2=C1NC(=N2)C(F)(F)F)Cl)Cl,-3.567699489146833
CCCCCCC(C/C=C\CCCCCCCC(=O)O)OS(=O)(=O)O,-0.5781091786313476
CC(C)(C)C1=CC(=C(C=C1)OP(=O)(NC)OC)Cl,-3.1640017865056675
C1=CC(=CC=C1C(=O)O)N=C=S,-3.9800169649847414
C(C(=O)NCC(=O)O)NC(=O)N,-0.8996004959867252
C1=CC=C(C=C1)OP(=O)(NN)OC2=CC=CC=C2,-2.2373014792330403
CC(C)C1=CC=CC=C1OP(=O)(OC2=CC=CC=C2)OC3=CC=CC=C3,-5.22400082519574
CC(=O)OC1CCC2C1(CCC3C2CCC4C3(CCC(=O)C4)C)C,-5.350002612388908
CN1C(=NC(=O)N(C1=O)C2CCCCC2)N(C)C,-0.8834041310046306
CCOC(=O)C1=CC=C(C=C1)N=C=S,-4.050015506694071
C1=C(C=C(C=C1Cl)Cl)OCC(=O)O,-2.3616988211213603
C1=CC(=C(C=C1C2=CC(=C(C(=C2)Cl)Cl)Cl)Cl)Cl,-8.390000639259412
CC1=CC(=C(C=C1)C)C(=O)O,-2.920000578484615
CCN(CC1=CC=NC=C1)C(=O)C(CO)C2=CC=CC=C2,-1.7000027490660516
CCC1=CC=CC(=C1N(COCC)C(=O)CCl)C,-3.0827024148652655
C1=C(C=C(C(=C1Br)OCCOC2=C(C=C(C=C2Br)Br)Br)Br)Br,-6.536300000357213
C1=NN(C2=C1C(=O)N(C=N2)CO)CO,-1.7200017711705984
C1=CC(=CC=C1F)I,-3.125999021855739
COC1=CC(=NC(=N1)NC(=O)NS(=O)(=O)C2=C(C=CC(=N2)C(F)(F)F)C(=O)OC)OC,-3.89000550610483
C1CN1C2=C(C=C(C=C2)[N+](=O)[O-])[N+](=O)[O-],-3.0
CCC1=C(C(=CC=C1)CC)N(COC)C(=O)CCl,-3.0510024147297985
CCCCCCC(C)C1=CC=CC=C1,-5.800005019343996
C1=CC=C(C=C1)C2=C(C(=CC=C2)Cl)Cl,-5.350001557424807
CCCS,-1.6021444786148358
CC(=O)C1=CC=C(C=C1)N=C=S,-4.020018624061006
COC1=CC(=NC(=N1)NC(=O)NS(=O)(=O)CC2=CC=CC=C2C(=O)OC)OC,-3.534007619188078
C1=CC(=C(C=C1C=O)Br)O,-2.1793993518093213
C1=CC=C(C=C1)C2=C(C(=C(C=C2)Cl)Cl)Cl,-6.179901180577979
NS(=O)(=O)C1=CC2=C(S1)S(=O)CCC2O,-1.3480334643390026
CCCCCCCCC1=CC=CC=C1,-6.46000501949321
CCC1=C(C(=CC=C1)CC)N(CC(=O)OCC)C(=O)CCl,-3.4730018105498988
CCN(CC)C(=O)C1=CC=CC(=C1)C,-2.321661101777626
C1=CC(=CC(=C1)N=C=S)C(=O)O,-3.250016964894186
C1=CC(=CC(=C1)I)N=C=S,-4.680011976697769
CCOC(=O)CSC1=NC(=NN1C(=O)N(C)C)C(C)(C)C,-2.8610127081013066
COC(=O)C1=CC(=CC=C1)N=C=S,-3.570016182933994
C1=CC=C(C=C1)C2=CC(=C(C=C2)[N+](=O)[O-])O,-3.855699999959801
C(#N)N=C(N)N,-0.3090103303508634
C1=CC(=CC(=C1)Cl)OC2=C(C=C(C=C2)Cl)Cl,-5.441400476347613
C1CCC/C(=N/O)/C(=N\O)/CCCC1,-2.581303504747549
COC1=C(Cl)C(Cl)=CC(Cl)=C1Cl,-5.130699999943221
C1=CC(=CC(=C1)Br)N=C=S,-4.085015620490387
CC(C)(C)C(C(=O)NC(C)(C)C1=CC=CC=C1)Br,-4.945502920824353
C1=CC(=CC(=C1)Cl)N=C=S,-3.9507197135622136
CC/C=C(\C)/C1(C(=O)NC(=O)NC1=O)CC,-2.310001936384336
C1=CN=C(NC1=O)S,-2.257325755636512
CCN(CC)C(=O)CSC1=NN=C(C=C1)Cl,-1.720014880126721
CC(C)NC1=NC(=NC(=N1)NCCCOC)Cl,-3.3353627427036914
C1=CC=C(C=C1)C2=C(C=CC(=C2)Cl)Cl,-5.299001557427614
CCOP(=S)(OCC)OC1=NOC(=C1)C2=CC=CC=C2,-5.217210396158171
CCCCCCCCCCC1=CC=CC=C1,-7.959005231786934
C1=CC(=CC=C1C2=CC(=C(C=C2Cl)Cl)Cl)Cl,-7.770000928865861
C/C(=N/OC(=O)NC)/SC,-1.2100208833517814
CC1=C(C(=CC=C1)C(=O)OC)S(=O)(=O)NC(=O)NC2=NC(=NC(=N2)OCC(F)(F)F)N(C)C,-3.2773764469583297
CCN(CC)C(=O)SCC,-1.6917226215335652
CC1=C(C(=CC=C1)C(=O)O)S(=O)(=O)NC(=O)NC2=NC(=NC(=N2)OCC(F)(F)F)N(C)C,-5.67980626386844
CC1CSC(S1)(C)/C=N/OC(=O)NC,-2.3698281699235344
CC1(C(=O)NC(=O)N(C1=O)C)C2=CCCCC2,-2.735001838111111
CCCCC(=O)NCCNC(=O)CCCC,-1.814504184393916
C1=CC(=CC=C1C2=C(C=CC(=C2)Cl)Cl)Cl,-6.256001181174415
CCSSCC,-2.610153287502478
CCC1(C(=O)NC(=O)NC1=O)C2=CCCCCC2,-3.0010020821967434
C1=CC=C(C=C1)OC2=C(C(=CC(=C2)Cl)Cl)Cl,-5.189100476409043
CCOCN1C(=C(C(=C1C(F)(F)F)Br)C#N)C2=CC=C(C=C2)Cl,-6.561034265648096
CC(C(C(=O)O)O)N,-0.35349999999971427
COCCOC1=CC=CC=C1S(=O)(=O)NC(=O)NC2=NC(=NC(=N2)OC)OC,-3.537207984039835
CC(=O)C1(CCC2C1(CCC3C2C=C(C4=CC(=O)C=CC34C)Cl)C)OC(=O)C,-4.945001185678348
C1=CC=NC(=C1)NC(=O)C2=CN=CC=C2,-2.9771030521128234
C/C=C\C,-1.9300061923384733
COC1=C(Cl)C(Cl)=C(Cl)C(Cl)=C1,-5.260499999983542
C1=CC(=CC=C1OC2=C(C=CC(=C2)Cl)Cl)Cl,-5.4401004761339085
CC1=CC=C(C=C1)OP(=O)(OC2=CC=CC=C2)OC3=CC=CC=C3,-6.151700382097251
CCOC(=O)C(C)N(C1=CC(=C(C=C1)Cl)Cl)C(=O)C2=CC=CC=C2,-4.2630009485836355
C1=CC=C(C=C1)OC2=C(C=CC(=C2Cl)Cl)Cl,-5.949900476773775
CC(C)OC(=O)COC1=CC=C(C=C1)C=O,-2.5796996091605746
CCCCOCCOCCOCCO,0.685498736773294
OC(=O)CCSC(=S)SCCC(O)=O,-1.9283348332394556
C1=CC=C(C=C1)S(=O)(=O)NC2=CC=C(C=C2)Cl,-4.030012165916466
CCCC(=O)NCCNC(=O)CCC,-0.6222039032050618
C1=CC=C(C(=C1)OC2=CC(=C(C=C2)Cl)Cl)Cl,-5.199000476226583
CC(C(=O)O)N(C1=CC(=C(C=C1)F)Cl)C(=O)C2=CC=CC=C2,-4.247426920290388
C1=CC=C(C=C1)C(C2=CC=CC=C2)O,-2.549001885813867
C1=CC2=C(C(=C1)O)C(=O)C3=C(C2=O)C=CC=C3O,-5.189998553634604
CC(C)(C)C1=CC=C(C=C1)OP(=O)(OC2=CC=CC=C2)OC3=CC=CC=C3,-5.077401022145543
C1=CC=C(C=C1)C(C2=CC=C(C=C2)Cl)O,-3.4886013901984803
C1=CC(=C(C(=C1OCC(=O)O)Cl)Cl)Cl,-3.099998809972351
C1=CC=C(C(=C1)OC2=C(C=C(C=C2)Cl)Cl)Cl,-4.949900476349375
C1=CC=C(C=C1)/C=C/C(=O)O,-2.4340000000306645
OS(=O)(=O)C1=CC2=C(OC3=CC=CC=C23)C=C1,-0.46551084618954697
CC(=CCC1(C(=O)NC(=O)NC1=O)C)C,-2.600001652662857
C1=CC(=CC(=C1)OC2=C(C=CC=N2)C(=O)NC3=C(C=C(C=C3)F)F)C(F)(F)F,-6.896898790200823
C1COCCN1P(=O)(OC2=CC=CC=C2)OC3=CC=CC=C3,-2.142500952192568
C1=CC(=CC=C1C2=C(C=C(C=C2)Cl)Cl)Cl,-5.979001180701669
CC(C)N1C(=O)NC(C)=C(Br)C1=O,-2.0600015818676485
C1=CC=C(C=C1)C2=C(C=C(C=C2)Cl)Cl,-5.288001557224161
CCC(C)N1C(=O)C(=C(NC1=O)C)Br,-2.5060018295458426
C1=CC=C(C=C1)C2=CC=CC=C2Cl,-4.592002071868673
C1=CC(=CC(=C1)Cl)C2=CC(=CC=C2)Cl,-5.798001556876521
C1CC(=O)N(C1)N=O,0.05229847744969697
C1(=C(C(=C(C(=C1F)F)F)F)F)O,-0.5199945732120049
CC1=CC(=CC=C1)OC2=CC=C(C=C2)[N+](=O)[O-],-4.661000378903783
CC(C)(C)C(N)C(=O)NC(CSSCC(NC(=O)C(N)C(C)(C)C)C(O)=O)C(O)=O,-0.5136150777187116
CC(C1=CC=C(C=C1)Cl)(C2=CC=C(C=C2)Cl)O,-4.441336832648871
CCN(CC)C(=O)SCC1=CC=C(C=C1)Cl,-3.964014320252996
C1=CC(=C(C=C1C2=CC(=C(C=C2)Cl)Cl)Cl)Cl,-8.710000781396896
COC1=CC(=NC(=N1)NC(=O)NS(=O)(=O)C2=C(N=C3N2C=CC=C3)Cl)OC,-4.786492955457027
CC(C)(/C=N/OC(=O)NC)S(=O)C,-0.8673164231685505
C1=CC=C(C=C1)OC2=CC(=CC(=C2)Cl)Cl,-5.060500726593794
COC1=COC(=CC1=O)CSP(=O)(OC)OC,0.7285642342038787
CC1=CC=C(C=C1)OP(=O)(OC2=CC=CC=C2)OC3=CC=CC=C3C,-6.373300611624344
C1=CC(=C(C=C1Cl)Cl)NC(=O)C(=O)O,-2.2765992578622525
CCCC/C=C\C,-3.8200061924167996
CC1=CC=C(C=C1)C(=O)COC2=C(C(=NN2C)C)C(=O)C3=C(C(=C(C=C3)Cl)C)Cl,-6.520901408631601
C1=CC(=CC=C1C2=CC(=C(C(=C2)Cl)Cl)Cl)Cl,-7.960000897242161
C1=CC(=CC=C1C(CC(=O)O)CN)Cl,-1.7000014228072744
CCCCN(CC)C(=O)SCCC,-3.3082192215556927
C1=CC=C(C=C1)OC2=C(C=CC=C2Cl)Cl,-5.060500726593794
C1=CC=C2C(=C1)C(=O)N=CN2,-0.9242465998339298
CCOC(=O)COC1=CC(=C(C=C1Cl)Cl)Cl,-4.849299540530297
C1=CC(=CN=C1)C(=O)NC2=CC=C(C=C2)C(=O)O,-3.0832007171869256
C1=C(C=C(C(=C1C(=O)O)O)I)I,-3.3069979951448216
C1=CC(=C(C=C1Cl)OCC(=O)O)Cl,-2.6199988211188656
C1=C(C=C(C(=O)C(=C1Br)O)Br)Br,-3.591099394826647
CCCCCCCC/C=C/CCCCCCCC(=O)O,-7.3717880089022
C1=CC(=C(C(=C1)Cl)OC2=CC=C(C=C2)Cl)Cl,-5.909400476721598
CCCCCCCN,-1.8500075386350265
CC(C)C1(C(=O)NC(=O)NC1=O)CC=C(C)C,-2.590002187097937
CC(=O)C1=CC=C(C=C1)NN=C(C#N)C#N,-2.710004093059398
C1=CC=C(C=C1)OC2=C(C=CC(=C2)Cl)Cl,-4.970300726525234
C1=CC=C(C=C1)P(=S)(NN)NN,-1.4250204027083804
C1=CC2=C(C(=C1)N)C(=CC=C2)S(=O)(=O)O,-3.0700136172730357
CCC1=NN(C(=C1Cl)C(=O)NCC2=CC=C(C=C2)C(C)(C)C)C,-5.108603772337203
CCOP(=O)(OCC)OC1=CC2=C(C=C1)C(=C(C(=O)O2)Cl)C,-3.17999924845504
C1=C(C2=C(C(=C1Cl)Cl)C(=C(C(=C2Cl)Cl)Cl)Cl)Cl,-8.7749998998602
CSC1=NC=CC=N1,-0.4020282233525507
C1=CC2=C(C3=C(C=CC=N3)C=C2)N=C1,-1.8260033739842876
C1=CC(=CC=C1N=C=S)Br,-4.270015620583167
CC1=CC=C(C=C1)OP(=O)(OC2=CC=C(C=C2)C)OC3=CC=C(C=C3)C,-6.089200824691874
CS(=O)C1=CC2=C(C=C1)OC3=C(C2=O)C=C(C=C3)C(=O)O,-5.020008619760918
COC1=C(Cl)C(Cl)=C(Cl)C=C1Cl,-5.149999999989391
C1=CC=C(C=C1)C(CCC2=CC=C(C=C2)Cl)(CN3C=NC=N3)C#N,-6.22643352485308
CN(C)C(=O)C1=CC=CC=C1OC1OCC(O)C(O)C1O,-0.8710997078583869
CCOP(=S)(OCC)SCSC(C)(C)C,-4.75503387884528
CC1=C(C(=O)N(C(=O)N1)C(C)(C)C)Cl,-2.4850022048915688
C1=CC(=CC=C1N=C=S)I,-4.050011976668903
C1=CC(=CC=C1OC2=CC(=CC(=C2)Cl)Cl)Cl,-5.520100476221986
C(C(=O)O)SC(SCC(=O)O)SCC(=O)O,-1.4243297272832562
C=C(CC(Cl)(Cl)Cl)C1=CC=CC=C1,-4.282001659425948
CC1=C(C=CC(=C1)OP(=S)(OC)OC)S(=O)C,-4.898297492654355
CC(C)(C)C1=NN=C(S1)N2C(CN(C2=O)C)O,-1.877315248728133
CCN1CC(=O)N=C1N,-0.16500478199244964
C1=CC=C(C(=C1)CC(=O)O)OC2=C(C=C(C=C2)Cl)Cl,-4.859999707689383
COC1=C(C(=C(C=C1)Cl)Cl)Cl,-4.291800205456072
CCCCOCCOC(=O)COC1=C(C=C(C=C1)Cl)Cl,-4.427600270473292
CCOP(=S)(OCC)SCSC1=C(C=CC(=C1)Cl)Cl,-6.933257149280497
CCCCC(CC)COC(=O)COC1=C(C=C(C=C1)Cl)Cl,-7.012201304536521
CCN(CC(=C)C)C1=C(C=C(C=C1[N+](=O)[O-])C(F)(F)F)[N+](=O)[O-],-6.221999347807736
C1=CC(=C(C(=C1)Cl)Cl)OC2=CC=C(C=C2)Cl,-5.309900476165425
CCCOC(=O)COC1=C(C=C(C=C1)Cl)Cl,-4.250199999932118
CCNC1=NC(=NC(=N1)Cl)N(CC)CC,-4.0600058607919465
CC1=CC=C(C=C1)C(=O)C2=CC(=C(C(=C2)O)O)[N+](=O)[O-],-4.16999904630781
CCCCOC(=O)COC1=C(C=C(C=C1)Cl)Cl,-3.7800003134210174
CC(C)(C)C1=CC(=NO1)NC(=O)N(C)C,-2.427203700254519
C1=CC(=CC=C1OC2=C(C=C(C=C2)Cl)Cl)Cl,-6.219600475011658
C(C(=O)O)NCP(=O)(O)O,-1.2068982017446959
C=COCCCl,-2.3951012227555584
CC(C)C1=C(C(=O)C(=C(C=C1)Br)O)Br,-4.466500269593292
CC1=CC(=CC=C1)N=C=S,-3.850023284450869
C1=CC=C(C=C1)C(CC(=O)O)SCC(=O)O,-1.2459119293792331
CCOC(=O)C(CC1=CC(=C(C=C1Cl)F)N2C(=O)N(C(=N2)C)C(F)F)Cl,-4.272699894585023
CC1=C(C=CC(=C1OC)O)C=O,-1.3754994773075169
C1=CC=C(C=C1)OC(=O)C2=CC=CC=C2O,-3.1549995943952998
CCCCCOC(=O)COC1=C(C=C(C(=C1)N2C(=O)C3=C(C2=O)CCCC3)F)Cl,-6.35080020481859
C1SCS(=O)CS1=O,-1.0007530531604165
CC(=O)C1=CC=C(C=C1)C2=CC=CC=C2,-3.310401770388734
C1=C(C(=CC(=C1Cl)Cl)Cl)OCCCC(=O)O,-3.829399540445589
C1=C(C=C(C2=C1C(=CC(=C2)Cl)Cl)Cl)Cl,-7.823000671865541
CC1=CC=CC=C1N2C(=NC3=CC=CC=C3C2=O)C,-2.920002776188717
C(C[Se][Se]CCC(=O)O)C(=O)O,-2.2680991430160597
CC(C)C1=CC(=CC(=C1)C2=CC=CC=C2)OP(=O)(OC3=CC=CC=C3)OC4=CC=CC=C4,-6.849001072494994
C1=CC2=C(C(=C(C=C2C(=C1)Cl)Cl)Cl)Cl,-7.8570006603551565
C1C2CC3CC1CC(C2)(C3)N,-1.8500057425832337
C1=CC(=CC(=C1)Cl)C2=CC=C(C=C2)Cl,-6.400001559640204
COC(=O)COC1=C(C=C(C=C1)Cl)Cl,-2.9595992609638553
CC(C)NC1=NC(=NC(=N1)SC)NC(C)C,-3.8640187134535147
CCCCCCCCOC(=O)COC1=C(C=C(C=C1)Cl)Cl,-7.0217013007980755
CC1=CC(=C(C(=C1)C(C)(C)C)OC(=O)NC)C(C)(C)C,-4.598003444195106
C1=CC=C(C(=C1)OC2=CC=C(C=C2)Cl)Cl,-5.52000072673822
C1=CC(=CC(=C1)Cl)OC2=CC(=C(C=C2)Cl)Cl,-5.437000476242967
CC(=O)NC1=CC=C(C=C1)C=O,-1.630001064579144
CC(C)(C)C1=NN=C(S1)NC(=O)N(C)CC(OC)OC,-1.8678132128833718
CC(C)(C1=CC=CC=C1)SC(=O)N2CCCCC2,-4.119614839146372
CC1=C(C=C(C=C1Cl)C2=NNC(=O)C=C2)Cl,-5.537501702324986
C1=CC(=C(C(=C1)Cl)Cl)C2=CNC=C2C#N,-4.693716486309089
C1=CC(=O)C(=C(C=C1Br)Br)O,-3.502599379407097
CC1=C(N=NC(=N1)N)C,-1.0939069966534964
C1=CC=C(C=C1)C2=CC(=C(C=C2)Cl)Cl,-6.390001556506442
C1=CC(=C(C=C1Cl)Cl)OCCOS(=O)(=O)O,-0.06000877303279518
CC1=NC(=O)C(=C(N1)NCC2=CN=CC=C2)C#N,-2.350007200703702
COC1=CC=C(C=C1)C(=O)CCC(=O)O,-1.0631991656743238
CC(C)CCOC(=O)C1=CC=CC=C1O,-3.1570008341475306
C1C=CSC1=O,-0.22253035855155048
C1=CC(=C2C=C(C(=CC2=C1Cl)Cl)Cl)Cl,-7.51600067725118
CC1=CN=C(NC1=O)S,-2.446123825588319
CCCCCC(/C=C/C1C(CC(C1C/C=C/CCCC(=O)O)O)O)O,-2.330001715193315
CC(C)OC(=O)CSC1=CC=CC=C1,-2.08001569541189
C1=CC=C(C=C1)N=C2N(C(=NC(F)(F)F)C(=NC(F)(F)F)S2)C3=CC=CC=C3,-4.142337314274654
CC(C)NC1=NC(=NC(=N1)OC)NC(C)C,-2.478005783025299
CC(C)(C)C1=NN=C(S1)N(C)C(=O)NC,-1.9970178803301193
C1=CC=C(C=C1)OC2=C(C=C(C=C2)Cl)Cl,-4.6304007265211515
CCC1=CC=C(C=C1)C,-3.103004335897822
C1=CC(=CC(=C1)Cl)NC(=O)OCC#CCCl,-4.3700006730104395
C[Si](C)(C)CCN,-1.8070066662518172
C1=CC=C(C=C1)C(C2=CC=C(C=C2)F)(C3=CC=CC=C3F)N4C=CN=C4,-8.400001769150963
C1=CC=C2C(=C1)NC(=O)C=N2,-0.9499520000688316
C1=CC=C2C(=C1)C=CC(=N2)C3=NC4=CC=CC=C4C=C3,-5.400003049877761
COC1=CC=CC(=C1)C(=O)O,-1.929998858351093
CC(C#C)OC(=O)NC1=CC(=CC=C1)Cl,-2.617192618973185
CC1(CC2=C(O1)C(=CC=C2)[N+](=O)[O-])C,-3.207000449494361
CC(=C1C(=O)N(C(=O)O1)C2=CC(=C(C=C2F)Cl)OC3CCCC3)C,-6.214299999972912
CCCN(CCC)C1=C(C=C(C=C1[N+](=O)[O-])S(=O)(=O)C)[N+](=O)[O-],-5.760009305309262
C[Si](C)(C)CCCN,-1.9509066156830914
CCOC(=O)CCSC1=CC=CC=C1,-2.1200156952919054
CCOC(=O)/C(=C\C1=CC=C(C=C1)[N+](=O)[O-])/NC=O,-2.460099671265627
CC(=O)NC1=CC2=C(COC2=O)C=C1,-2.6001999999634275
CCOC(=O)/C(=C/C1=CC=CC=C1)/NC=O,-2.890700792434289
COC1=CC(=CC=C1)Br,-3.12000069674827
CCCCSC(=NC1=CN=CC=C1)SCC2=CC=C(C=C2)C(C)(C)C,-5.571220281274254
CCOC(=O)CSC1=CC=CC=C1,-1.5700163745375044
CC(COC(C)COC(C)COC)O,0.6854987367732939
C1=CC(=CC=C1NC(=O)C2=C(C=CC(=C2)[N+](=O)[O-])O)Cl,-5.121999851648729
C1C2=NC3=CC=CC=C3N2C(S1)C4=C(C=CC=C4F)F,-3.7600117491652876
CCOCOC1=CC=C(C=C1)C(=O)NC2=C(C(=CC=C2)Cl)Cl,-5.568000765865454
CC1=C(C(=CC=C1)I)O,-1.8377996288403653
CC1=CC=C(C=C1)N=C=S,-4.721323284380282
CCSCCOP(=S)(OC)OC,-2.8437630257601905
CCOC(=O)/C(=C\C1=CC=CC=C1Cl)/NC=O,-2.9995005135751107
COC1=CC=CC=C1Br,-2.5800006965529727
CC(=CC1C(C1(C)C)C(=O)OCN2C(=O)C3=C(C2=O)CCCC3)C,-5.26000157261728
C1=CC(=C[N+](=C1)[O-])C(=O)O,-1.298298751210659
C1CN(C(=O)OC1)/N=C/C2=CC=C(O2)[N+](=O)[O-],-3.475699636840609
C1=CC=C(C=C1)OC2=CC(=C(C=C2)Cl)Cl,-4.7206007265414245
CC1=CC(=NO1)C(=O)NNCC2=CC=CC=C2,-2.4600026291923487
C1=CC=C2C(=C1)N=C3C=CC=CC3=N2,-3.7000033739389133
CCSCCSP(=S)(OC)OC,-3.0905386082349144
CCS(=O)CCSP(=S)(OC)OC,-0.9137443332214404
CN1C(=C(C(=N1)C2=CC(=C(C=C2F)Cl)OCC(=O)O)Cl)OC(F)F,-5.585562524964661
CCOC(=O)N1CCN(CC1)C(=O)OCC,-0.728801508895672
C1=CC(=C(C(=C1)Cl)[N+](=O)[O-])C(=O)O,-2.6319980608861924
OC(=O)CCCOC1=CC=C(Cl)C=C1Cl,-3.6719996513066624
C1=CC=C(C=C1)OC2=CC=CC=C2Cl,-4.779601061094284
CC(C)SCCSP(=S)(OC)OC,-3.429036861863373
C1=CC=C(C=C1)C2=CC=C(C=C2)Br,-5.553001677007398
C1=CC=C(C=C1)OC2=CC(=CC=C2)Cl,-4.210701061015935
CC1=C(S(=O)(=O)CCO1)C(=O)NC2=CC=CC=C2,-2.4270113731320664
CC(C(=O)OC)OC1=CC=C(C=C1)OC2=C(C=C(C=N2)C(F)(F)F)Cl,-4.606398612964485
CC(=O)OC1=CC=C(C=C1)C2=CC=CC=C2,-4.400000818481111
CCOC(=O)COC1=CC=C(C=C1)Cl,-2.4205997976870237
CC(=O)NC1=NC(=O)C2=C(N1)N(C=N2)COCCO,-1.9223019501425207
CC(=O)NC1=CC(=CC=C1)N=C=S,-3.53001807309714
CC1=C(C(=CC=C1)O)C(=O)O,-2.0399988582452
C1=CC(=O)NNC1=O,-1.2710007749033985
CC(=CC1C(C1(C)C)C(=O)OC(C#N)C2=CC(=CC=C2)OC3=CC=CC=C3)C,-7.5745629840848006
CC(C)(C)C(/C(=C/C1=CC=C(C=C1)Cl)/N2C=NC=N2)O,-7.0053584926861445
CCC(C(=O)OCCCC=C)N(CC1=CC=CO1)C(=O)N2C=CN=C2,-2.8919020117667307
C1=C2C(=NC=NC2=O)NN1,-2.379003828812218
C1=CC=C(C=C1)C2=CC=CC=C2,-4.320002816209626
CC1=CC=C(C=C1)CCN,-0.7436189864519104
CCCCN(C1=CC=CC=C1)C(=O)N,-1.2971040659666229
COC1=CC=CC(=C1)N=C=S,-3.570019978088029
CCOC(=O)/C(=C\C1=CC(=CC=C1)[N+](=O)[O-])/NC=O,-2.470199671282295
C=CCOC1=C(C=C(C=C1)CC(=O)O)Cl,-3.1299998084293668
C1=CC2=C(C=C(C=C2)Cl)C(=C1)Cl,-5.920001322635469
C1CCC(CC1)N2C(=O)C3=C(CCC3)NC2=O,-4.591602965767559
CC1=C(C=CC(=C1Cl)OC(C)C(=O)NC2=CC=CC=C2)Cl,-7.00570134504228
CCOC1C(C2=C(O1)C=CC(=C2)OS(=O)(=O)C)(C)C,-3.4160103135395063
CC(CSC1=CC=CC=C1)C(=O)OC,-2.1200156952919054
CCOC1=CC=C(C=C1)N(C(=O)C)C(=O)C,-1.94700117775093
CCCN(CCC)C1=C(C=C(C=C1[N+](=O)[O-])S(=O)(=O)N=S(C)C)[N+](=O)[O-],-4.860016026487757
CC(=CCC/C(=C/CO)/C)C,-3.188203941825302
CN(C)C(=O)NC1CC2CC1C3C2CCC3,-3.1709046879926874
CCOC(=O)/C(=C\C1=CC(=CC=C1)Cl)/NC=O,-3.1098005136547844
CC/C=C(\C)/C(C#C)OC(=O)C1C(C1(C)C)C=C(C)C,-6.39310633207736
C1=CC=C(C=C1)C2=CC(=CC=C2)C3=CC=CC=C3,-5.183002639920643
C1=CC2=C(C=CC=C2Cl)C(=C1)Cl,-5.716001321850859
CCSC(=O)COC1=C(C)C=C(Cl)C=C1,-5.027013308841936
C1=CC(=O)C(=CC=C1Br)O,-3.5628993518653798
CCCCN(CC)C1=C(C=C(C=C1[N+](=O)[O-])C(F)(F)F)[N+](=O)[O-],-6.524999611776021
C1=CC=C2C(=C1)C=CC3=C2C=CC=N3,-3.3570029078860726
CC(C(=O)OCCON=C(C)C)OC1=CC=C(C=C1)OC2=CN=C3C=C(C=CC3=N2)Cl,-5.847901075964675
COC1=C(C(=C(C(=C1Cl)Cl)Cl)Cl)O,-4.794899336765781
CCNCNC(=O)C1=CC=CC=C1,-0.07500389875373076
C1=CC=C(C=C1)NC(=O)NC(=O)C2=CN=CC=C2,-3.382502160214694
C1=CC(=C(C=C1Cl)CO)OCC(=O)O,-2.0346685558342408
C(CC(=O)O)C[Se][Se]CCCC(=O)O,-2.247099738401375
CCN(C1=CC=CC=C1)C(=O)OC2=CC=CC(=C2)NC(=O)OC(C)C,-5.057401522095108
C1=CC(=C(C(=C1)[N+](=O)[O-])O)C(=O)NC2=CC=C(C=C2)Cl,-4.545199851597706
CC1=C(SC(=N1)C)C(=O)NC2=CC=CC=C2,-1.7300157039033832
CCCCC(CN(C(=O)N)/N=C\C1=CC=C(O1)[N+](=O)[O-])O,-3.571601455927723
C1=CC=C2C(=C1)C=CC=C2C(=O)CCC(=O)O,-3.483300000006341
C1=CC=C(C=C1)C2=CC=C(C=C2)CC(=O)O,-3.7300008185191387
C1=CC=C2C(=C1)C=CC(=C2O)N=O,-2.54000050159787
CCN(CC)C(=S)SCC(=C)Cl,-3.3500304684754627
C1=CC=C2C=C(C=CC2=C1)C(=O)CCC(=O)O,-3.8532999999341357
CN(C)C(=O)NC1CCCCCCC1,-2.218163368487069
CC(C)C1=C(Br)C=CC(=O)C(O)=C1,-3.6698005359103436
CC1=CC(=CC=C1)C=C,-3.123003674907146
COC1=CC=C(C=C1)COC(=O)CC2=CC=CC=C2,-2.7000006777750643
CC1=NNC(=O)N(C1)/N=C/C2=CN=CC=C2,-2.874504398259242
COC(=O)C1(C2=CC=CC=C2C3=C1C=C(C=C3)Cl)O,-4.183599841851689
C1=CC(=CC=C1OC2=CC=C(C=C2)Cl)Cl,-4.7999007265597236
C1=CC=C2C(=C1)C=CC=C2I,-4.533404745483665
C1CSCCS1,-1.6029534584893814
CCOC(=O)/C(=C\C1=CC=C(C=C1)Cl)/NC=O,-3.0099005136127865
C1=CC=C2C(=C1)C3=CC=CC=C3C2(C(=O)O)O,-1.9656996160127007
CC1=CC(=C(C=C1)O)I,-2.466199628853563
CCCCCCCCN1C(=O)C=CS1,-2.6301179139656137
CC(C)(COCC1=CC(=CC=C1)OC2=CC=CC=C2)C3=CC=C(C=C3)OC(F)(F)Br,-9.97986237352587
COC1=CC=C(C=C1)Br,-3.020000696647431
CC(C)C1=CC(=CC(=C1NC(=NC(C)(C)C)S)C(C)C)OC2=CC=CC=C2,-6.80681174161129
BrC1=CC=C(OC2=CC=CC=C2)C=C1,-4.714000871670151
CC(=O)OCC1=CC=C(C=C1)OC,-1.9589999999632874
CCCCCCC(C(C)O)N1C=NC2=C(N=CN=C21)N,-2.250005323546406
CNC1=C(C(=O)N(N=C1)C2=CC=CC(=C2)C(F)(F)F)Cl,-3.954800286027225
C1=CC=C(C=C1)OC2=CC=C(C=C2)Cl,-4.793001061023722
CC(=CC1C(C1(C)C)C(=O)OCN2C(=O)CN(C2=O)CC#C)C,-3.5320631707134624
CC(C(=O)N1CCCO1)OC2=CC=C(C=C2)OC3=C(C=C(C=N3)Cl)Cl,-4.592200679968837
C=C(C1=CC=CC=C1)C2=CC=CC=C2,-4.436002891258825
CC(=O)NC1=CC=C(C=C1)OC(=O)C,-1.9080004496610137
C1=CC(=CC=C1OCCCC(=O)O)Cl,-3.2899997978177886
C1=CC(=CC(=C1)NC(=O)NC2=CC=CC(=C2)C(=N)N)C(=N)N,-1.7700043966751127
CCOC(=O)/C(=C/C1=COC=C1)/NC=O,-2.7476995847629486
C1=CC=C(C=C1)C2=CC=C(C=C2)N=C=S,-4.850016854975521
CC(C)C(C)C1(CC1C(C)C2CCC3C2(CCC4C3CC=C5C4(CCC(C5)O)C)C)C,-0.982782550670496
C1=CC=C(C=C1)C2=CC=CC=C2C3=CC=CC=C3,-5.269002640099246
CCOC1=CC=C(C=C1)C2(CC2(Cl)Cl)C(=O)OC(C#N)C3=CC(=CC=C3)OC4=CC=CC=C4,-6.724266687680545
C#CCN1C(=O)COC2=CC(=C(C=C21)N3C(=O)C4=C(C3=O)CCCC4)F,-5.296600122603295
CC(C)(CCSC1=CC=C(C=C1)S(=O)(=O)N)O,-2.8380233400140336
C1=CC(=C(C=C1Br)CO)O,-0.20719978598606423
C1CCC(CC1)C(CCN2CCCCC2)(C3=CC=CC=C3)O,-5.200004321727267
CCN(C(=O)C1=C(C=CC(=C1OC)Cl)OC)OC(=O)C2=CC=CC=C2,-4.083700119400631
C1=CC=C(C=C1)N=NC2=CC=C(C=C2)Cl,-5.7023030061391635
C1=CC=[N+](C=C1)[O-],1.0217981733463457
CC(=O)NC1=CC(=CC=C1)O,-1.0600011491626586
CC(=O)OC1=CC2=CC=CC=C2C=C1,-3.440000466477023
C1=CC=C2C=C(C=CC2=C1)N=C=S,-4.440018755259681
C/C(=N\O)/SC,-0.9249488240373778
C1=CC=C(C=C1)/C=C(/C(=O)O)\S,-2.960016868163166
C1=CC=C(C=C1)CC2=C(C=CC(=C2)Cl)O,-3.1670013902539997
CCCSCCC,-2.5800308528484437
CCN(C(=O)N)/N=C/C1=CC=C(O1)[N+](=O)[O-],-2.9395011519600205
CC(C(=O)OCC1CCCO1)OC2=CC=C(C=C2)OC3=CN=C4C=C(C=CC4=N3)Cl,-5.030300708799561
CCS(=O)(=O)OC1=CC2=C(C=C1)OCC2(C)C,-2.9921118603658012
COC(=O)CSC1=CC=CC=C1,-1.0200171582173516
CCCCOC(=O)CSC1=CC=CC=C1,-2.7500151010827087
C1=CC=C2C(=C1)C=CC(=C2N=O)O,-2.2380005016054576
CC(C)SC(C)C,-2.2400308529491673
CSC1=CC=C(C=C1)C(=O)C2=C3C(=CC(=C2)CC(=O)O)C=CO3,-5.510009048724917
CCOC1=CC=CC=C1\C=C/C(O)=O,-2.5234000000149597
C1(=C(C(=C(C(=C1Cl)Cl)Cl)Cl)Cl)N,-6.946704383938164
CCC1=NN(C(=C1Cl)C(=O)NCC2=CC=C(C=C2)OC3=CC=C(C=C3)C)C,-6.6446751021828865
CCOC(=O)C1=CC(=C(C=C1)O)OC,-1.7199991145634208
CC1=C[N+](=CC=C1)[O-],0.9620976121584622
CC(=C)CN1C(=CC(=O)N(C1=O)C)N,-0.9895031145537013
CC1=C(C(=NN1C2=CC=CC=C2)C)N=O,-3.7355034531920572
CCCCOC(=O)N(C)SN(C)C(=O)OC1=CC=CC2=C1OC(C2)(C)C,-4.58300931091646
CCCOC(=O)CSC1=CC=CC=C1,-2.150015695267003
C1CC2=CC=CC=C2C3=CC=CC=C31,-4.634702891245133
CCCCN(CCCC)SN(C)C(=O)OC1=CC=CC2=C1OC(C2)(C)C,-6.103310956527357
C1=CC(=C(C=C1C2=C(C=C(C=C2)F)F)C(=O)O)O,-4.609997917026085
C1=CC(=C(C(=C1)F)C(=O)NC(=O)NC2=C(C=C(C=C2)OC3=C(C=C(C=C3)C(F)(F)F)Cl)F)F,-8.507298415988405
C1=CC=C2C(=C1)C=CC=C2F,-3.4527008913875648
C1=C(NC(=O)N=C1)N,-1.1426039088937383
COC1=CC(=C(C(=C1OC)Cl)Cl)Cl,-4.370099820000298
C1=CC=C2C(=C1)C=CC=C2N=C=S,-4.602018755295557
C1=CC=C(C=C1)C(=O)NNC2=CC=C(C=C2)N=O,-4.683497317679811
CC1=C(C=CC(=C1)Cl)OCCCC(=O)O,-3.678000189912049
C1COCCN1P(=O)(N2CCOCC2)OC3=CC=CC=C3,0.39249819220964943
C1=CC(=CC=C1NC(=O)N)Br,-1.6336018175480602
C=CCNC(=S)NNC1=CC=C(C=C1)[N+](=O)[O-],-2.910614803915692
CC1=CC(=NC(=N1)C)NS(=O)(=O)C2=CC=C(C=C2)N,-2.300013731018591
C1=CC(=CC=C1N)S(=O)(=O)NC2=NN=C(S2)S(=O)(=O)N,-1.5000282295789962
COC1=CC=C(C=C1)N=C=S,-3.6000199780716513
CC(=O)C1=CC(=C(C(=C1)O)O)O,-1.4710979337320729
COC1=CC(=C2COC(=O)C2=C1OC)Br,-3.9310988868182846
CC1=CC(=C[N+](=C1)[O-])C,0.9094971788816713
CC1=CC(=C(C=C1C=O)OC)O,-2.7434994772451833
CC(C(=O)O)N(CCC#N)CCC#N,-0.06000990367665348
C1=CC(=CC=C1N=C=S)O,-2.670021257069052
C1CC1NC2=NC(=NC(=N2)N)N,-1.1790073172671505
C1=CC(=O)C=CC1=NNC2=CC=C(C=C2)[N+](=O)[O-],-4.7960010713556125
C1=CC=C2C3=C4C(=CC=C3)C5=CC=CC=C5C4=CC2=C1,-8.220002069621351
C1=CC=C2C(=C1)C=CC=C2NC(=O)C3=CC=CC=C3C(=O)O,-3.1630005962536134
CNCCCC12CCC(C3=CC=CC=C31)C4=CC=CC=C24,-4.690004070351653
C1=C2C(=NC(=N1)N)N(C=N2)COCCO,-1.0775037366256572
C1=CC(=CC=C1N)S(=O)(=O)NC2=CC=C(C=C2)[N+](=O)[O-],-3.9400109572512054
CCC1=NC2=C(N1C)C(=O)N(C(=O)N2C)C,-1.568703517406713
CC(C)C1=CC2=CC=CC=C2C=C1,-5.298003571445561
CCCCC1=C(NC(=NC1=O)N(C)C)C,-2.24200498017008
CCOC1=CC=C(C=C1)N=C=S,-4.260018899235425
C[Se]C,-0.6502023900181222
CC1=C(N=CN1)CSCCNC(=NC)NC#N,-1.3450120473275626
C1=CC=C(C=C1)NC(=O)N,-0.8934811565003209
CC1=CC=C(C=C1)C2=CC=C(C=C2)C,-6.018003336715993
NS(=O)(=O)C1=CC2=C(S1)C(O)CCS2,-2.2540362858495526
COC1=CC=C(C2=CC=CC=C21)C(=O)O,-4.083072482397169
CC1=C(ON=C1NS(=O)(=O)C2=CC=C(C=C2)N)C,-2.190012997746575
CC(=CC/C=C(\C)/C=C)C,-4.831102202054466
CCCCC1=C(N=C(N=C1OS(=O)(=O)N(C)C)NCC)C,-4.157912901679126
C1=CC(=CC=C1N)S(=O)(=O)NC2=CC=C(C=C2)Cl,-4.130012134212386
CCCCCCCCCC1=CC=C(C=C1)O,-4.49800394174871
NC1=CC=C(C=C1)S(=O)(=O)NC1=NC=CC=C1,-2.9686142854548754
CC(C)N(CCC(C1=CC=CC=C1)(C2=CC=CC=N2)C(=O)N)C(C)C,-1.7000043495681196
C1COCCN1P(=O)(N2CCOCC2)N3CCOCC3,0.2983972973118625
CSC1=CC2=C(C=C1)OC3=C(C2=O)C=C(C=C3)C(=O)O,-5.320009708258777
CC(C(C1=CC=C(C=C1)OC)C2=CC=C(C=C2)OC)[N+](=O)[O-],-4.545000864698995
CCOC(=O)C(\NC=O)=C\C1=CC=C(OC)C=C1,-2.73960034847318
C1=CC(=CC=C1N)S(=O)(=O)NC2=CC=C(C=C2)I,-4.520008588410714
CCCN(CCC)C1=C(C=C(C=C1[N+](=O)[O-])C(C)C)[N+](=O)[O-],-6.490002244036329
CC1=C2C=CC3=CC=CC=C3C2=CC=C1,-5.854002710212821
CCOC1=CC=C(C=C1)C(C)(C)COCC2=CC(=CC=C2)OC3=CC=CC=C3,-8.57580206076543
CC1=CC=CC2=CC=CC=C12,-3.741003054177496
CC1=CC=C(C=C1)OC2=CC=C(C=C2)C,-4.850002190553321
C1=CC=C2C(=C1)C=CC3=C2C=C4C=CC5=CC=CC=C5C4=N3,-6.2447024872234
C1=CC=C(C=C1)OC2=CC=CC(=C2)C(=O)O,-4.102973310360966
C1=CC(=CC=C1NC2=C(C=C(C=C2)[N+](=O)[O-])[N+](=O)[O-])O,-5.443999684276744
CCN(CCCl)CCCl,-3.0265040855041474
C1CC=CC=CC1,-2.1820046125030963
CCN(CC)S(=O)(=O)C1=CC=C(C=C1)N,-2.6300159784061146
COC1=CC=C(C=C1)NS(=O)(=O)C2=CC=C(C=C2)N,-4.230012170953641
CC1CCCCC1NC(=O)NC2=CC=CC=C2,-4.111004112489518
COC1=C(C2=C(COC2=O)C=C1)OC,-1.8899986581008161
CC1=CC(=O)N(N1C)C2=CC=CC=C2,-0.5640032301588219
CC1=CC2=CC=CC(=C2C=C1)C,-4.890003335783098
CCCOP(=O)(OCCC)OC1=CC=C(C=C1)SC,-3.3860109876646405
CC(C)C1(CCN2CC3C4=CC=CC=C4CCC5=C3C(=CC=C5)C2C1)O,-3.810003499360343
C1=CC=C2C(=C1)C=CC(=C2S(=O)(=O)O)N,-1.7000136172950382
CCCCNC1=C(C(=CC(=C1)C(=O)O)S(=O)(=O)N)OC2=CC=CC=C2,-3.560009057091118
CCCCN(CCN(CCCC)C(=O)N1CCOCC1)C(=O)N2CCOCC2,0.0999962950551989
C1=CC(=CC=C1N)SC#N,-2.601517348286404
CC1=C(C2=C(C=C1)C(=O)C3=CC=CC=C3C2=O)N,-5.854101098055406
CCC1=C(NC(=O)N1)C(=O)C2=CC=NC=C2,-1.9900023990666518
CN1C=C(C(=O)C(=C1)C2=CC(=CC=C2)C(F)(F)F)C3=CC=CC=C3,-4.438000131803781
CC1=CC=CC=C1C(C2=CC=CC=C2)OCCN(C)C,-4.100003546696328
CCOC(=O)C(\NC=O)=C\C=C\C1=CC=CC=C1,-3.348301062367472
CC1=C(C2=C(N1C(=O)/C=C/C3=CC=CC=C3)C=CC(=C2)OC)CC(=O)O,-5.543300745794863
CCCCCCOC(=O)C1=CC=C(C=C1)N,-3.954002747506471
CCCCCOC(=O)C1=CC=C(C=C1)N,-3.350002514319786
C1=CC=C2C(=C1)C=CC3=C2C4=CC=CC=C4C=C3,-7.820702342164609
COC1=CC(=CC(=C1OC)OC)C=O,-2.1194991146297646
CC1=C(C=CC(=C1)OC(=O)NC)SC,-3.9730160331160453
COC1=CC=C(C=C1)C2=CC=CC=C2,-3.8228994414232162
CCOC(=O)NC1=CC2=C(C=C1)SC3=CC=CC=C3N2C(=O)CCN4CCOCC4,-3.900008939378333
CCCCCCCOC(=O)C1=CC=C(C=C1)N,-4.600002952836278
COC1=CC(=C2C(=C1)C=CC=N2)NC(=O)C3=CN=CC=C3,-4.446102176920079
C1C2=CC=CC=C2C3=CC4=CC=CC=C4C=C31,-7.732962393592684
CCCCCCCCOC(=O)C1=CC=C(N)C=C1,-5.400003135090621
CC(C)(C1=CC=C(C=C1)O)C2=CC=C(C=C2)O,-2.8200015219228436
C1CCC(CC1)C2=C(C=C(C=C2)O)O,-2.576301807162743
CC(C1=CC2=C(C=C1)C3=C(N2)C=CC(=C3)Cl)C(=O)O,-4.700001110657737
CCC1=C(C(=NC=N1)NCCOC2=C(C(=C(C=C2)CCOCC)C)C)Cl,-5.240903332730364
C1=CC2=C(C=C1Cl)OC3=C(O2)C=CC(=C3)Cl,-7.180599660968003
C1=CC=C2C(=C1)OC3=CC(=C(C=C3O2)Cl)Cl,-7.230099670353454
COC1=CC=CC=C1OC,-1.3100006286635775
C1=CC=C(C=C1)/C=C/C2=CC=CC=C2,-5.793002891239822
CCOC(=O)/C(=C/C1=CC2=C(C=C1)OCO2)/NC=O,-2.13929934006734
C1=CC2=C3C4=C1C=CC5=C4C6=C(C=C5)C=CC7=C6C3=C(C=C2)C=C7,-9.331501651741101
CCC(=O)N(C1=CC=CC=C1)C2(CCN(CC2)CCC3=CC=CS3)COC,-3.706011010295524
CNN1C=C(C(=O)C2=CC(=C(C=C21)N3CCN(CC3)C)F)C(=O)O,-3.7300019483809086
CN1CCN(CC1)C2=C(C=C3C(=C2F)N(C=C(C3=O)C(=O)O)CCF)F,-2.7300003527510817
CCN1C=C(C(=O)C2=CC(=C(C=C21)N3CCN(CC3)C)F)C(=O)O,-1.4700016936995925
CNC(=O)C1=CC=C(C=C1)N,-1.2400034701889495
CCCCN(CCOC(=O)C)C1=CC(=C(C=C1)N=NC2=C(C=C(C=C2C#N)[N+](=O)[O-])C#N)C,-8.878983605509664
C1=CC=C2C(=C1)OC3=C(O2)C=C(C=C3)Cl,-5.835999801274449
C1=CC=C2C(=C1)C=C(C=C2N)S(=O)(=O)O,-2.340013617236297
C1=CC=C2C(=C1)C=CC=C2N=C(N)S,-2.5280184643708465
C1=CC=C(C(=C1)C(=O)O)NC2=CC(=CC=C2)[N+](=O)[O-],-6.4299999991646155
C1=CC(=C(C=C1O)C(=O)NCCO)O,-0.5435995594827501
CC1=C(C(=O)N(N1C)C2=CC=CC=C2)CC3=C(N(N(C3=O)C4=CC=CC=C4)C)C,-2.9549031302780935
C1=CC(=CC=C1N=NC2=C(C=C(C=C2)[N+](=O)[O-])Cl)N(CCC#N)CCO,-6.130000000310764
CC1(CC(OC2=C1C=CC(=C2)OC3=CC=C(C=C3)NC(=O)N(C)OC)(C)OC)C,-6.000501518269751
C1=CC2=C(C=CC(=C2)N)C(=C1)S(=O)(=O)O,-2.750013617297748
CC(=O)NC1=CC2=C(C=C1)C3=CC=CC=C3C2,-4.6250023341247095
C1CN(CCC1C(=O)C2=CC=C(C=C2)F)CCN3C(=O)C4=CC=CC=C4NC3=O,-4.597101647418818
C1=CC=C2C(=C1)C=CC3=CC4=C(C=CC5=CC=CC=C54)C=C32,-8.04800220250939
CCN(CC)CCOC(=O)C1=CC=C(C=C1)NC(=O)C,-1.6500024963891222
C1=CC=C2C=C3C4=CC=CC5=C4C(=CC=C5)C3=CC2=C1,-8.499001946297094
CN1CCN(CC1)C2=NC3=CC=CC=C3OC4=C2C=C(C=C4)Cl,-4.420003047153914
CCCCCCCCN(CCCCCCCC)CCCCCCCC,-6.849606629282848
CN(C)C(=O)NC1=CC(=C(C=C1)OC)Cl,-2.581002089094605
C1=CC=C2C(=C1)C3=C4C2=CC5=CC=CC6=C5C4=C(C=C6)C=C3,-9.162703009719202
C1=CC=C2C(=C1)OC3=CC=CC=C3O2,-5.310999999888027
OC(=O)C1=CC=CC=C1NC1=CC(Cl)=CC=C1,-5.3000008767867595
CC1=C2C=C(C=CC2=CC3=C1C=CC4=CC=CC=C43)Cl,-7.466621739882575
CC12CCC3=C(C1CCC2O)C=CC4=C3C=CC(=C4)O,-4.640001942016177
CCOC1=C(C=C(C(=C1)N=NC2=C(C=C(C=C2Br)[N+](=O)[O-])[N+](=O)[O-])NC(=O)C)N(CCOC(=O)C)CCOC(=O)C,-8.833600570449454
CCOC(=O)/C(=C\C1=CC(=C(C=C1)OC)OC)/NC=O,-2.4086000001123025
C1=CC=C2C(=C1)C=CC3=C2NC4=C3C=CC5=CC=CC=C54,-7.423002587496014
CC(=O)C1=CC(=CC=C1)NC2=CC=CC=C2C(=O)O,-4.860000680548133
CCOC1=CC(=C(C=C1)NC(=O)C)C,-1.8390022474311187
CC1=CC(=C(C=C1)N=CN(C)C=NC2=C(C=C(C=C2)C)C)C,-5.467504736654733
CC(C)NCC1CCC2=CC(=C(C=C2N1)[N+](=O)[O-])CO,-2.9700027984845137
CC1=CC2=CC3=C(C=CC4=CC=CC=C43)C=C2C=C1,-6.644002511465618
C1=CC=C2C(=C1)C(=CN2)CCN,-3.300004879157202
CC1=C(C=CC(=C1)N(CCO)CCO)N=NC2=C(C=C(C=C2Cl)[N+](=O)[O-])Cl,-5.959201470844968
CC(=O)NC1=CC(=C(C=C1N=NC2=C(C=C(C=C2Br)[N+](=O)[O-])[N+](=O)[O-])OC)N(CCC#N)CC=C,-8.900030177956195
CN(C)CC/C=C\1/C2=CC=CC=C2SC3=C1C=C(C=C3)Cl,-5.870012512151621
C1=CC=C(C=C1)NN=C(N=NC2=CC=CC=C2)S,-6.610015926905607
CCCCCN(CCCCC)CCCCC,-4.0326068742667145
CC1=C/C(=N\NC2=CC=C(C=C2)NC(=O)C)/C(=O)C=C1,-5.358002580198821
CC1=C2C(=CC3=CC=CC=C13)C4=CC=CC=C4C=C2F,-7.310001513277707
CC1=C2C=C(C3=CC=CC=C3C2=CC4=CC=CC=C14)F,-7.310001513277707
CC1=C2C(=CC3=CC4=CC=CC=C4C=C3C2=CC=C1)C,-7.974302704545524
CNS(=O)(=O)CC1=CC2=C(C=C1)NC=C2CCCN3CCN(CC3)C4=NC=NC=C4OC,-3.7600100385665334
C1=CC2=C3C(=C1)C4=CC=CC5=C4C6=C(C=C5)C=CC(=C36)C=C2,-9.026001480562124
CC1(C=CC2=C3C(=C(C=C2O1)OC)C(=O)C4=CC=CC=C4N3C)C,-5.2100013514124335
CCC(CN(CC(CC)O)CC(CC)O)O,-0.5229033500175732
C1=CC=C(C=C1)NC2=CC=CC=C2C(=O)O,-4.960001222097696
C(=C(\N)/N=O)(\N)/NO,-0.7773036774505334
C1=CC=C(C(=C1)C(=O)O)NC2=CC(=CC=C2)O,-3.5400003789163126
COC1=CC=CC(=C1)NC2=CC=CC=C2C(=O)O,-4.800000714149307
CC1=C(C=CC(=C1)N(CCO)CCO)N=NC2=C(C=C(C=C2)[N+](=O)[O-])Cl,-6.570001720100239
CC(=O)\C=C(/C)NC1CCCCC1N\C(C)=C\C(C)=O,-1.6990037439799142
CC1=CC(=CC=C1)NC2=CC=CC=C2C(=O)O,-5.060001528726153
C1=CC=C(C=C1)NC2=CC=C(C=C2)N=NC3=CC=C(C=C3)[N+](=O)[O-],-7.522902438652252
CCN1C=C(C(=O)C2=CC(=C(C(=C21)F)N3CCNC(C3)C)F)C(=O)O,-2.330000988874256
CC1=CC=CC2=CC3=CC=CC=C3C=C12,-5.854102710478798
CCCCC1=C2C(=CC3=CC=CC=C31)C=CC4=CC=CC=C42,-7.524503042039351
C1=CC=C(C=C1)N=NC2=CC=C(C3=CC=CC=C32)NN=C4C=CC(=O)C=C4,-6.00920295769488
C1=CC=C(C=C1)N=NC2=C(N=C(C=C2)N)N,-4.240005295049725
CCC1=CC2=CC3=CC=CC=C3C=C2C=C1,-6.886002950119001
C1=CC(=C(C=C1N)C(=O)O)O,-2.2599994327932933
CCN(CCO)C1=CC=C(C=C1)N=NC2=CC=C(C=C2)[N+](=O)[O-],-6.293002486499925
CCOC(=O)C1=CC=C(C=C1)\N=N\C1=C(N)C=C(N)C=C1,-3.374603054836178
CN(C)C1=CC=C(C=C1)S(=O)(=O)C2=CC=C(C=C2)N(C)C,-2.5291914952100027
CN1C2=CC=CC=C2C(C3=CC=CC=C31)(C4=CC=CC=C4)O,-3.9031024181583516
C1=CC=C(C(=C1)C(=O)O)NC2=CC=CC(=C2)N,-4.090001902743721
CC1=C(C=CC(=C1)N(CCO)CCO)N=NC2=CC=CC=C2,-4.125403191508627
CCCCCCCOC(=O)C1=CN=CC=C1,-2.742902747469516
CC1=CC(=CC=C1)N=NC2=CC=C(C=C2)N(C)C,-5.776904717952976
CN(C)C1=CC=C(C=C1)N=C=S,-4.130020952820176
C1=CC2=C3C(=C1)C4=CC=CC5=C4C(=CC=C5)C3=CC=C2,-8.800002075124715
C1=CC=C2C(=C1)C=C3C=CC=CC3=C2O,-4.733001341580255
CC1=C2C=CC(=C2C=C(C=C1)C(C)C)C,-5.475203942314381
COC1=C(C2=C(C(=C1)N)C(=O)C3=CC=CC=C3C2=O)N,-5.746000971043441
CN(C)C1=CC=C(C=C1)N=NC2=CC=C(C=C2)N,-4.5940050602438545
CC1=CC2=C(C(=C1)O)C(=C3C(=C2)C=CC=C3O)O,-3.0584999999706923
CCCCCCO[N+](=O)[O-],-3.1265011803779355
C1=CC(=C(C(=C1Cl)O)Cl)Cl,-2.6419997800139345
C1=CC(=C(C(=C1)Cl)Cl)C2=C(C(=CC(=C2)Cl)Cl)Cl,-6.960000670877403
C(C(Cl)(Cl)Br)O,-0.44239977597657176
C1=CC(=CC(=C1)C(F)(F)F)C(=O)O,-3.1058415372104466
C1=CC2=C(C=CC(=C2N=C1)NO)N=O,-3.799801836554761
CCSC(=S)NCC(=O)O,-1.0882348873299148
CC1=CC(=O)N=C(N1)S,-2.425923825578339
